stage,experiment_id,attempt,method,sequence_name,MOTA,MOTP,IDF1,IDP,IDR,FP,FN,IDS,num_frames,runtime_seconds,FPS,prediction_path
gmc_ablation,rtdetr_botsort_conf055_gmc_off,001,rtdetr_botsort_conf055_gmc_off,uav0000086_00000_v,0.2840459091214176,0.23406962632175404,0.3992002340778309,0.729980381665775,0.27471642392106854,674,9966,27,464,112.84442422183929,4.111855797924307,/Users/katharsis/Developer/cv/mot/outputs/next_experiments/default/stages/gmc_ablation/rtdetr_botsort_conf055_gmc_off/attempts/001/benchmark/runs/rtdetr_botsort_conf055_gmc_off/uav0000086_00000_v/tracks.txt
gmc_ablation,rtdetr_botsort_conf055_gmc_off,001,rtdetr_botsort_conf055_gmc_off,uav0000117_02622_v,0.17607811228641168,0.2318573200342533,0.345220462572633,0.5756079027355623,0.24654190398698128,1495,8521,110,349,83.89411017822567,4.1600059796638895,/Users/katharsis/Developer/cv/mot/outputs/next_experiments/default/stages/gmc_ablation/rtdetr_botsort_conf055_gmc_off/attempts/001/benchmark/runs/rtdetr_botsort_conf055_gmc_off/uav0000117_02622_v/tracks.txt
gmc_ablation,rtdetr_botsort_conf055_gmc_off,001,rtdetr_botsort_conf055_gmc_off,uav0000137_00458_v,0.3330117692456106,0.1452937161322395,0.5092190548108992,0.7323076923076923,0.3903144896777928,1014,5855,45,233,55.728325592004694,4.180997679812371,/Users/katharsis/Developer/cv/mot/outputs/next_experiments/default/stages/gmc_ablation/rtdetr_botsort_conf055_gmc_off/attempts/001/benchmark/runs/rtdetr_botsort_conf055_gmc_off/uav0000137_00458_v/tracks.txt
gmc_ablation,rtdetr_botsort_conf055_gmc_off,001,rtdetr_botsort_conf055_gmc_off,uav0000182_00000_v,0.04063947407739432,0.2413417756251812,0.37850467289719625,0.474859075535513,0.31465710443747197,2066,4324,31,363,88.32271845900686,4.109927845670634,/Users/katharsis/Developer/cv/mot/outputs/next_experiments/default/stages/gmc_ablation/rtdetr_botsort_conf055_gmc_off/attempts/001/benchmark/runs/rtdetr_botsort_conf055_gmc_off/uav0000182_00000_v/tracks.txt
gmc_ablation,rtdetr_botsort_conf055_gmc_off,001,rtdetr_botsort_conf055_gmc_off,uav0000268_05773_v,0.04186240734941016,0.18118660462794786,0.27936077189808534,0.5025766205587199,0.19344399206597765,1640,7532,6,978,223.1455481449375,4.382789655139208,/Users/katharsis/Developer/cv/mot/outputs/next_experiments/default/stages/gmc_ablation/rtdetr_botsort_conf055_gmc_off/attempts/001/benchmark/runs/rtdetr_botsort_conf055_gmc_off/uav0000268_05773_v/tracks.txt
gmc_ablation,rtdetr_botsort_conf055_gmc_off,001,rtdetr_botsort_conf055_gmc_off,uav0000305_00000_v,0.20851370851370854,0.136218242169685,0.36031532397615845,0.8983700862895494,0.22534872534872535,85,3200,6,184,44.303150831052335,4.153203475339125,/Users/katharsis/Developer/cv/mot/outputs/next_experiments/default/stages/gmc_ablation/rtdetr_botsort_conf055_gmc_off/attempts/001/benchmark/runs/rtdetr_botsort_conf055_gmc_off/uav0000305_00000_v/tracks.txt
gmc_ablation,rtdetr_botsort_conf055_gmc_off,001,rtdetr_botsort_conf055_gmc_off,uav0000339_00001_v,0.2963141025641025,0.2145796907984761,0.4437205935577271,0.5095594347464671,0.39294871794871794,1447,2875,69,275,65.65136949397856,4.188793046049444,/Users/katharsis/Developer/cv/mot/outputs/next_experiments/default/stages/gmc_ablation/rtdetr_botsort_conf055_gmc_off/attempts/001/benchmark/runs/rtdetr_botsort_conf055_gmc_off/uav0000339_00001_v/tracks.txt
gmc_ablation,rtdetr_botsort_conf055_gmc_on,001,rtdetr_botsort_conf055_gmc_on,uav0000086_00000_v,0.2853211624941271,0.2337044692326543,0.40487567040468064,0.7399750490108715,0.2786764212363246,669,9957,22,464,114.18852042310755,4.063455750899663,/Users/katharsis/Developer/cv/mot/outputs/next_experiments/default/stages/gmc_ablation/rtdetr_botsort_conf055_gmc_on/attempts/001/benchmark/runs/rtdetr_botsort_conf055_gmc_on/uav0000086_00000_v/tracks.txt
gmc_ablation,rtdetr_botsort_conf055_gmc_on,001,rtdetr_botsort_conf055_gmc_on,uav0000117_02622_v,0.1888527257933279,0.22622726403175863,0.39919082939986517,0.6451144206320377,0.2890154597233523,1579,8363,27,349,84.3821084179217,4.135947851308688,/Users/katharsis/Developer/cv/mot/outputs/next_experiments/default/stages/gmc_ablation/rtdetr_botsort_conf055_gmc_on/attempts/001/benchmark/runs/rtdetr_botsort_conf055_gmc_on/uav0000117_02622_v/tracks.txt
gmc_ablation,rtdetr_botsort_conf055_gmc_on,001,rtdetr_botsort_conf055_gmc_on,uav0000137_00458_v,0.3372564152035501,0.13638924226684762,0.5544701372573265,0.772038567493113,0.43256801080455337,1154,5712,4,233,56.4562417488778,4.127090163677631,/Users/katharsis/Developer/cv/mot/outputs/next_experiments/default/stages/gmc_ablation/rtdetr_botsort_conf055_gmc_on/attempts/001/benchmark/runs/rtdetr_botsort_conf055_gmc_on/uav0000137_00458_v/tracks.txt
gmc_ablation,rtdetr_botsort_conf055_gmc_on,001,rtdetr_botsort_conf055_gmc_on,uav0000182_00000_v,0.031525474376214,0.2355129500036449,0.4046029515108925,0.4909400980601151,0.34409084117734945,2233,4235,14,363,88.37922546203481,4.107300082143563,/Users/katharsis/Developer/cv/mot/outputs/next_experiments/default/stages/gmc_ablation/rtdetr_botsort_conf055_gmc_on/attempts/001/benchmark/runs/rtdetr_botsort_conf055_gmc_on/uav0000182_00000_v/tracks.txt
gmc_ablation,rtdetr_botsort_conf055_gmc_on,001,rtdetr_botsort_conf055_gmc_on,uav0000268_05773_v,0.04280196262657898,0.1817696688538812,0.2795293407753809,0.5036694754009242,0.19344399206597765,1632,7532,5,978,223.4297107522434,4.377215531037786,/Users/katharsis/Developer/cv/mot/outputs/next_experiments/default/stages/gmc_ablation/rtdetr_botsort_conf055_gmc_on/attempts/001/benchmark/runs/rtdetr_botsort_conf055_gmc_on/uav0000268_05773_v/tracks.txt
gmc_ablation,rtdetr_botsort_conf055_gmc_on,001,rtdetr_botsort_conf055_gmc_on,uav0000305_00000_v,0.22631072631072635,0.13261912536449705,0.37980859448301746,0.8642186165670367,0.24338624338624337,106,3093,18,184,44.21606953590526,4.161382997884614,/Users/katharsis/Developer/cv/mot/outputs/next_experiments/default/stages/gmc_ablation/rtdetr_botsort_conf055_gmc_on/attempts/001/benchmark/runs/rtdetr_botsort_conf055_gmc_on/uav0000305_00000_v/tracks.txt
gmc_ablation,rtdetr_botsort_conf055_gmc_on,001,rtdetr_botsort_conf055_gmc_on,uav0000339_00001_v,0.34118589743589745,0.20412134401888699,0.6258960969997345,0.6989523621269026,0.5666666666666667,1459,2640,12,275,66.95674258208601,4.107129310582309,/Users/katharsis/Developer/cv/mot/outputs/next_experiments/default/stages/gmc_ablation/rtdetr_botsort_conf055_gmc_on/attempts/001/benchmark/runs/rtdetr_botsort_conf055_gmc_on/uav0000339_00001_v/tracks.txt
gmc_ablation,yolo26_botsort_gmc_off,001,yolo26_botsort_gmc_off,uav0000086_00000_v,0.24820457748842206,0.24946803905610712,0.42604749526369123,0.6200307771223391,0.32451842405530573,2016,9117,68,464,8.533989489078522,54.3708192509271,/Users/katharsis/Developer/cv/mot/outputs/next_experiments/default/stages/gmc_ablation/yolo26_botsort_gmc_off/attempts/001/benchmark/runs/yolo26_botsort_gmc_off/uav0000086_00000_v/tracks.txt
gmc_ablation,yolo26_botsort_gmc_off,001,yolo26_botsort_gmc_off,uav0000117_02622_v,0.14393816110659075,0.22904059880166497,0.2687496110039211,0.5716176859941753,0.1756712774613507,947,9460,114,349,6.640935127332341,52.552839819742836,/Users/katharsis/Developer/cv/mot/outputs/next_experiments/default/stages/gmc_ablation/yolo26_botsort_gmc_off/attempts/001/benchmark/runs/yolo26_botsort_gmc_off/uav0000117_02622_v/tracks.txt
gmc_ablation,yolo26_botsort_gmc_off,001,yolo26_botsort_gmc_off,uav0000137_00458_v,0.29876519390314493,0.15819469641475936,0.4600371747211896,0.7375478927203065,0.3342658691877291,773,6441,55,233,4.566494963743025,51.02381626388931,/Users/katharsis/Developer/cv/mot/outputs/next_experiments/default/stages/gmc_ablation/yolo26_botsort_gmc_off/attempts/001/benchmark/runs/yolo26_botsort_gmc_off/uav0000137_00458_v/tracks.txt
gmc_ablation,yolo26_botsort_gmc_off,001,yolo26_botsort_gmc_off,uav0000182_00000_v,0.04825937546690573,0.22479517369152954,0.2543730955874055,0.5198339483394834,0.16838487972508592,907,5432,31,363,6.43470255919965,56.412863945206205,/Users/katharsis/Developer/cv/mot/outputs/next_experiments/default/stages/gmc_ablation/yolo26_botsort_gmc_off/attempts/001/benchmark/runs/yolo26_botsort_gmc_off/uav0000182_00000_v/tracks.txt
gmc_ablation,yolo26_botsort_gmc_off,001,yolo26_botsort_gmc_off,uav0000268_05773_v,0.04332393778056165,0.1561168211769114,0.1994938476306833,0.6079787234042553,0.11932352020043846,732,8431,1,978,18.52083756958018,52.805387246974746,/Users/katharsis/Developer/cv/mot/outputs/next_experiments/default/stages/gmc_ablation/yolo26_botsort_gmc_off/attempts/001/benchmark/runs/yolo26_botsort_gmc_off/uav0000268_05773_v/tracks.txt
gmc_ablation,yolo26_botsort_gmc_off,001,yolo26_botsort_gmc_off,uav0000305_00000_v,0.07046657046657046,0.14332221983698248,0.13167259786476868,0.8757396449704142,0.07118807118807119,20,3840,5,184,3.1675957060651854,58.08822118545122,/Users/katharsis/Developer/cv/mot/outputs/next_experiments/default/stages/gmc_ablation/yolo26_botsort_gmc_off/attempts/001/benchmark/runs/yolo26_botsort_gmc_off/uav0000305_00000_v/tracks.txt
gmc_ablation,yolo26_botsort_gmc_off,001,yolo26_botsort_gmc_off,uav0000339_00001_v,0.2235576923076923,0.1616251303754906,0.3431350373218729,0.5830130668716372,0.24310897435897436,579,4217,49,275,4.87006233073771,56.46744976225867,/Users/katharsis/Developer/cv/mot/outputs/next_experiments/default/stages/gmc_ablation/yolo26_botsort_gmc_off/attempts/001/benchmark/runs/yolo26_botsort_gmc_off/uav0000339_00001_v/tracks.txt
gmc_ablation,yolo26_botsort_gmc_on,001,yolo26_botsort_gmc_on,uav0000086_00000_v,0.2496811866568226,0.24959570013233426,0.41906941937755865,0.6088513686364799,0.31948452916303105,2016,9097,66,464,10.405052673915634,44.59371946892676,/Users/katharsis/Developer/cv/mot/outputs/next_experiments/default/stages/gmc_ablation/yolo26_botsort_gmc_on/attempts/001/benchmark/runs/yolo26_botsort_gmc_on/uav0000086_00000_v/tracks.txt
gmc_ablation,yolo26_botsort_gmc_on,001,yolo26_botsort_gmc_on,uav0000117_02622_v,0.15541090317331163,0.22817073029614118,0.3350222819119712,0.6707406502077732,0.22327095199349065,1073,9272,35,349,8.806591746135382,39.629406024544345,/Users/katharsis/Developer/cv/mot/outputs/next_experiments/default/stages/gmc_ablation/yolo26_botsort_gmc_on/attempts/001/benchmark/runs/yolo26_botsort_gmc_on/uav0000117_02622_v/tracks.txt
gmc_ablation,yolo26_botsort_gmc_on,001,yolo26_botsort_gmc_on,uav0000137_00458_v,0.3114026625506463,0.15410164686278113,0.5253642039542143,0.806187624750499,0.38963920509357514,883,6239,16,233,6.6495230498258024,35.0401071255936,/Users/katharsis/Developer/cv/mot/outputs/next_experiments/default/stages/gmc_ablation/yolo26_botsort_gmc_on/attempts/001/benchmark/runs/yolo26_botsort_gmc_on/uav0000137_00458_v/tracks.txt
gmc_ablation,yolo26_botsort_gmc_on,001,yolo26_botsort_gmc_on,uav0000182_00000_v,0.05304049006424627,0.22324776305256708,0.2880333443018537,0.5416666666666666,0.1961751083221276,1026,5295,17,363,8.19881500696647,44.27469087807954,/Users/katharsis/Developer/cv/mot/outputs/next_experiments/default/stages/gmc_ablation/yolo26_botsort_gmc_on/attempts/001/benchmark/runs/yolo26_botsort_gmc_on/uav0000182_00000_v/tracks.txt
gmc_ablation,yolo26_botsort_gmc_on,001,yolo26_botsort_gmc_on,uav0000268_05773_v,0.043637122872951295,0.15642506210136986,0.2006805688857866,0.6110520722635494,0.12005428541601419,732,8429,0,978,28.382773508288665,34.457520499693,/Users/katharsis/Developer/cv/mot/outputs/next_experiments/default/stages/gmc_ablation/yolo26_botsort_gmc_on/attempts/001/benchmark/runs/yolo26_botsort_gmc_on/uav0000268_05773_v/tracks.txt
gmc_ablation,yolo26_botsort_gmc_on,001,yolo26_botsort_gmc_on,uav0000305_00000_v,0.1034151034151034,0.1363345184019457,0.16972767574414185,0.694300518134715,0.09668109668109669,63,3642,23,184,4.332022000919096,42.47439185695778,/Users/katharsis/Developer/cv/mot/outputs/next_experiments/default/stages/gmc_ablation/yolo26_botsort_gmc_on/attempts/001/benchmark/runs/yolo26_botsort_gmc_on/uav0000305_00000_v/tracks.txt
gmc_ablation,yolo26_botsort_gmc_on,001,yolo26_botsort_gmc_on,uav0000339_00001_v,0.23605769230769236,0.1505452763790366,0.45121951219512196,0.7320143884892086,0.3261217948717949,644,4104,19,275,6.2385525497666094,44.08073792859019,/Users/katharsis/Developer/cv/mot/outputs/next_experiments/default/stages/gmc_ablation/yolo26_botsort_gmc_on/attempts/001/benchmark/runs/yolo26_botsort_gmc_on/uav0000339_00001_v/tracks.txt
m3_compact_tuning,m3_rtdetr_botsort_conf050,001,m3_rtdetr_botsort_conf050,uav0000086_00000_v,0.3180750385931942,0.24083329630698927,0.4711712128930672,0.7599342694950703,0.3414323108933485,964,9169,27,464,117.61981321399799,3.9449135933909063,/Users/katharsis/Developer/cv/mot/outputs/next_experiments/default/stages/m3_compact_tuning/m3_rtdetr_botsort_conf050/attempts/001/benchmark/runs/m3_rtdetr_botsort_conf050/uav0000086_00000_v/tracks.txt
m3_compact_tuning,m3_rtdetr_botsort_conf050,001,m3_rtdetr_botsort_conf050,uav0000117_02622_v,0.1898291293734744,0.23658003608054515,0.44128527639784376,0.6295235223160435,0.3397070789259561,2132,7790,35,349,86.65973732905695,4.027245070854612,/Users/katharsis/Developer/cv/mot/outputs/next_experiments/default/stages/m3_compact_tuning/m3_rtdetr_botsort_conf050/attempts/001/benchmark/runs/m3_rtdetr_botsort_conf050/uav0000117_02622_v/tracks.txt
m3_compact_tuning,m3_rtdetr_botsort_conf050,001,m3_rtdetr_botsort_conf050,uav0000137_00458_v,0.31940960833494114,0.14175100970915888,0.5595351043643264,0.7260695598645737,0.4551418097626857,1588,5456,11,233,58.36799713388609,3.9919135732127025,/Users/katharsis/Developer/cv/mot/outputs/next_experiments/default/stages/m3_compact_tuning/m3_rtdetr_botsort_conf050/attempts/001/benchmark/runs/m3_rtdetr_botsort_conf050/uav0000137_00458_v/tracks.txt
m3_compact_tuning,m3_rtdetr_botsort_conf050,001,m3_rtdetr_botsort_conf050,uav0000182_00000_v,-0.04810996563573888,0.2397696216378463,0.4144585936882069,0.4403361344537815,0.3914537576572538,3128,3871,16,363,93.12531316698005,3.897973468815253,/Users/katharsis/Developer/cv/mot/outputs/next_experiments/default/stages/m3_compact_tuning/m3_rtdetr_botsort_conf050/attempts/001/benchmark/runs/m3_rtdetr_botsort_conf050/uav0000182_00000_v/tracks.txt
m3_compact_tuning,m3_rtdetr_botsort_conf050,001,m3_rtdetr_botsort_conf050,uav0000268_05773_v,0.038417371333124506,0.19191719465688287,0.2858820938257103,0.4816922315685304,0.20325712496085185,1834,7371,6,978,236.2414598379837,4.139832189788872,/Users/katharsis/Developer/cv/mot/outputs/next_experiments/default/stages/m3_compact_tuning/m3_rtdetr_botsort_conf050/attempts/001/benchmark/runs/m3_rtdetr_botsort_conf050/uav0000268_05773_v/tracks.txt
m3_compact_tuning,m3_rtdetr_botsort_conf050,001,m3_rtdetr_botsort_conf050,uav0000305_00000_v,0.26070226070226066,0.1407705197551274,0.4321447578499202,0.8235294117647058,0.29292929292929293,189,2868,17,184,46.21405508588941,3.981472728546189,/Users/katharsis/Developer/cv/mot/outputs/next_experiments/default/stages/m3_compact_tuning/m3_rtdetr_botsort_conf050/attempts/001/benchmark/runs/m3_rtdetr_botsort_conf050/uav0000305_00000_v/tracks.txt
m3_compact_tuning,m3_rtdetr_botsort_conf050,001,m3_rtdetr_botsort_conf050,uav0000339_00001_v,0.3240384615384615,0.2091185272108438,0.633162450626103,0.6656653118925605,0.6036858974358974,1808,2389,21,275,69.96072525200725,3.9307768610090266,/Users/katharsis/Developer/cv/mot/outputs/next_experiments/default/stages/m3_compact_tuning/m3_rtdetr_botsort_conf050/attempts/001/benchmark/runs/m3_rtdetr_botsort_conf050/uav0000339_00001_v/tracks.txt
m3_compact_tuning,m3_rtdetr_botsort_conf055,001,m3_rtdetr_botsort_conf055,uav0000086_00000_v,0.2853211624941271,0.2337044692326543,0.40487567040468064,0.7399750490108715,0.2786764212363246,669,9957,22,464,116.45635550003499,3.9843252693912494,/Users/katharsis/Developer/cv/mot/outputs/next_experiments/default/stages/m3_compact_tuning/m3_rtdetr_botsort_conf055/attempts/001/benchmark/runs/m3_rtdetr_botsort_conf055/uav0000086_00000_v/tracks.txt
m3_compact_tuning,m3_rtdetr_botsort_conf055,001,m3_rtdetr_botsort_conf055,uav0000117_02622_v,0.1888527257933279,0.22622726403175863,0.39919082939986517,0.6451144206320377,0.2890154597233523,1579,8363,27,349,85.54765208093158,4.079597645413245,/Users/katharsis/Developer/cv/mot/outputs/next_experiments/default/stages/m3_compact_tuning/m3_rtdetr_botsort_conf055/attempts/001/benchmark/runs/m3_rtdetr_botsort_conf055/uav0000117_02622_v/tracks.txt
m3_compact_tuning,m3_rtdetr_botsort_conf055,001,m3_rtdetr_botsort_conf055,uav0000137_00458_v,0.3372564152035501,0.13638924226684762,0.5544701372573265,0.772038567493113,0.43256801080455337,1154,5712,4,233,57.195391372952145,4.073754797492064,/Users/katharsis/Developer/cv/mot/outputs/next_experiments/default/stages/m3_compact_tuning/m3_rtdetr_botsort_conf055/attempts/001/benchmark/runs/m3_rtdetr_botsort_conf055/uav0000137_00458_v/tracks.txt
m3_compact_tuning,m3_rtdetr_botsort_conf055,001,m3_rtdetr_botsort_conf055,uav0000182_00000_v,0.031525474376214,0.2355129500036449,0.4046029515108925,0.4909400980601151,0.34409084117734945,2233,4235,14,363,91.54739471893117,3.965159261107131,/Users/katharsis/Developer/cv/mot/outputs/next_experiments/default/stages/m3_compact_tuning/m3_rtdetr_botsort_conf055/attempts/001/benchmark/runs/m3_rtdetr_botsort_conf055/uav0000182_00000_v/tracks.txt
m3_compact_tuning,m3_rtdetr_botsort_conf055,001,m3_rtdetr_botsort_conf055,uav0000268_05773_v,0.04280196262657898,0.1817696688538812,0.2795293407753809,0.5036694754009242,0.19344399206597765,1632,7532,5,978,236.91256121499464,4.12810530173822,/Users/katharsis/Developer/cv/mot/outputs/next_experiments/default/stages/m3_compact_tuning/m3_rtdetr_botsort_conf055/attempts/001/benchmark/runs/m3_rtdetr_botsort_conf055/uav0000268_05773_v/tracks.txt
m3_compact_tuning,m3_rtdetr_botsort_conf055,001,m3_rtdetr_botsort_conf055,uav0000305_00000_v,0.22631072631072635,0.13261912536449705,0.37980859448301746,0.8642186165670367,0.24338624338624337,106,3093,18,184,46.247055580010056,3.978631670543208,/Users/katharsis/Developer/cv/mot/outputs/next_experiments/default/stages/m3_compact_tuning/m3_rtdetr_botsort_conf055/attempts/001/benchmark/runs/m3_rtdetr_botsort_conf055/uav0000305_00000_v/tracks.txt
m3_compact_tuning,m3_rtdetr_botsort_conf055,001,m3_rtdetr_botsort_conf055,uav0000339_00001_v,0.34118589743589745,0.20412134401888699,0.6258960969997345,0.6989523621269026,0.5666666666666667,1459,2640,12,275,69.99904233282723,3.9286251759337874,/Users/katharsis/Developer/cv/mot/outputs/next_experiments/default/stages/m3_compact_tuning/m3_rtdetr_botsort_conf055/attempts/001/benchmark/runs/m3_rtdetr_botsort_conf055/uav0000339_00001_v/tracks.txt
m3_compact_tuning,m3_rtdetr_botsort_conf060,001,m3_rtdetr_botsort_conf060,uav0000086_00000_v,0.2213571380629572,0.22591173201419892,0.3094304095402479,0.7009478672985782,0.19853681455131217,445,11124,32,464,117.05422567338974,3.9639747931413845,/Users/katharsis/Developer/cv/mot/outputs/next_experiments/default/stages/m3_compact_tuning/m3_rtdetr_botsort_conf060/attempts/001/benchmark/runs/m3_rtdetr_botsort_conf060/uav0000086_00000_v/tracks.txt
m3_compact_tuning,m3_rtdetr_botsort_conf060,001,m3_rtdetr_botsort_conf060,uav0000117_02622_v,0.18559804719283968,0.2183963044451452,0.3749704001894388,0.6881790525858322,0.2576891781936534,1149,8837,23,349,90.54884532606229,3.854273334389487,/Users/katharsis/Developer/cv/mot/outputs/next_experiments/default/stages/m3_compact_tuning/m3_rtdetr_botsort_conf060/attempts/001/benchmark/runs/m3_rtdetr_botsort_conf060/uav0000117_02622_v/tracks.txt
m3_compact_tuning,m3_rtdetr_botsort_conf060,001,m3_rtdetr_botsort_conf060,uav0000137_00458_v,0.35172679915107086,0.13193925822695243,0.5456887114431065,0.8206469107108271,0.40874011190430254,755,5958,7,233,60.33328724803869,3.8618814029161714,/Users/katharsis/Developer/cv/mot/outputs/next_experiments/default/stages/m3_compact_tuning/m3_rtdetr_botsort_conf060/attempts/001/benchmark/runs/m3_rtdetr_botsort_conf060/uav0000137_00458_v/tracks.txt
m3_compact_tuning,m3_rtdetr_botsort_conf060,001,m3_rtdetr_botsort_conf060,uav0000182_00000_v,0.0817271776482893,0.22957144271747248,0.38387345679012347,0.5414965986394558,0.29732556402211263,1558,4576,12,363,91.6554447899689,3.960484844428228,/Users/katharsis/Developer/cv/mot/outputs/next_experiments/default/stages/m3_compact_tuning/m3_rtdetr_botsort_conf060/attempts/001/benchmark/runs/m3_rtdetr_botsort_conf060/uav0000182_00000_v/tracks.txt
m3_compact_tuning,m3_rtdetr_botsort_conf060,001,m3_rtdetr_botsort_conf060,uav0000268_05773_v,0.04885687441277797,0.1743226224232725,0.26848849776130923,0.5152592592592593,0.18154295855517277,1451,7655,5,978,238.3974374763202,4.102393089259375,/Users/katharsis/Developer/cv/mot/outputs/next_experiments/default/stages/m3_compact_tuning/m3_rtdetr_botsort_conf060/attempts/001/benchmark/runs/m3_rtdetr_botsort_conf060/uav0000268_05773_v/tracks.txt
m3_compact_tuning,m3_rtdetr_botsort_conf060,001,m3_rtdetr_botsort_conf060,uav0000305_00000_v,0.20466570466570466,0.12574338084150777,0.34310110615175626,0.8884422110552764,0.2126022126022126,65,3228,14,184,46.356009536917554,3.969280398336787,/Users/katharsis/Developer/cv/mot/outputs/next_experiments/default/stages/m3_compact_tuning/m3_rtdetr_botsort_conf060/attempts/001/benchmark/runs/m3_rtdetr_botsort_conf060/uav0000305_00000_v/tracks.txt
m3_compact_tuning,m3_rtdetr_botsort_conf060,001,m3_rtdetr_botsort_conf060,uav0000339_00001_v,0.34375,0.19743994232000567,0.6051149478349183,0.713787845785232,0.5251602564102564,1220,2869,6,275,69.31164495195844,3.967587267487434,/Users/katharsis/Developer/cv/mot/outputs/next_experiments/default/stages/m3_compact_tuning/m3_rtdetr_botsort_conf060/attempts/001/benchmark/runs/m3_rtdetr_botsort_conf060/uav0000339_00001_v/tracks.txt
m3_compact_tuning,m3_rtdetr_botsort_conf065,001,m3_rtdetr_botsort_conf065,uav0000086_00000_v,0.14766091684005633,0.21803309358510511,0.22492574822938086,0.7546952855500192,0.13215652057185046,189,12479,31,464,119.18473037256626,3.8931161613535243,/Users/katharsis/Developer/cv/mot/outputs/next_experiments/default/stages/m3_compact_tuning/m3_rtdetr_botsort_conf065/attempts/001/benchmark/runs/m3_rtdetr_botsort_conf065/uav0000086_00000_v/tracks.txt
m3_compact_tuning,m3_rtdetr_botsort_conf065,001,m3_rtdetr_botsort_conf065,uav0000117_02622_v,0.1766476810414972,0.20818048068548115,0.3478747899682619,0.7396136544059275,0.2274206672091131,794,9305,20,349,89.78135163750267,3.8872214957189266,/Users/katharsis/Developer/cv/mot/outputs/next_experiments/default/stages/m3_compact_tuning/m3_rtdetr_botsort_conf065/attempts/001/benchmark/runs/m3_rtdetr_botsort_conf065/uav0000117_02622_v/tracks.txt
m3_compact_tuning,m3_rtdetr_botsort_conf065,001,m3_rtdetr_botsort_conf065,uav0000137_00458_v,0.34574570711942887,0.12603089343905818,0.5243992235089363,0.8565493111742838,0.37786995948292496,491,6284,7,233,59.76276525147841,3.89874864423607,/Users/katharsis/Developer/cv/mot/outputs/next_experiments/default/stages/m3_compact_tuning/m3_rtdetr_botsort_conf065/attempts/001/benchmark/runs/m3_rtdetr_botsort_conf065/uav0000137_00458_v/tracks.txt
m3_compact_tuning,m3_rtdetr_botsort_conf065,001,m3_rtdetr_botsort_conf065,uav0000182_00000_v,0.12161960256984905,0.22198296331142997,0.3551024742486992,0.6138032305433186,0.24981323771104139,951,4920,8,363,99.52519382705214,3.647317689536941,/Users/katharsis/Developer/cv/mot/outputs/next_experiments/default/stages/m3_compact_tuning/m3_rtdetr_botsort_conf065/attempts/001/benchmark/runs/m3_rtdetr_botsort_conf065/uav0000182_00000_v/tracks.txt
m3_compact_tuning,m3_rtdetr_botsort_conf065,001,m3_rtdetr_botsort_conf065,uav0000268_05773_v,0.05010961478233633,0.16367910837127836,0.2540109065043863,0.5227716330513988,0.16776281449003028,1294,7799,6,978,246.4584042027127,3.9682152579207335,/Users/katharsis/Developer/cv/mot/outputs/next_experiments/default/stages/m3_compact_tuning/m3_rtdetr_botsort_conf065/attempts/001/benchmark/runs/m3_rtdetr_botsort_conf065/uav0000268_05773_v/tracks.txt
m3_compact_tuning,m3_rtdetr_botsort_conf065,001,m3_rtdetr_botsort_conf065,uav0000305_00000_v,0.1736411736411736,0.1214495077227232,0.2936444086886565,0.8968058968058968,0.17556517556517556,39,3383,14,184,47.086351424863096,3.907714113156836,/Users/katharsis/Developer/cv/mot/outputs/next_experiments/default/stages/m3_compact_tuning/m3_rtdetr_botsort_conf065/attempts/001/benchmark/runs/m3_rtdetr_botsort_conf065/uav0000305_00000_v/tracks.txt
m3_compact_tuning,m3_rtdetr_botsort_conf065,001,m3_rtdetr_botsort_conf065,uav0000339_00001_v,0.33125000000000004,0.1879133989238771,0.5793436293436294,0.7283980582524272,0.4809294871794872,1022,3142,9,275,72.03058991028229,3.8178224049327696,/Users/katharsis/Developer/cv/mot/outputs/next_experiments/default/stages/m3_compact_tuning/m3_rtdetr_botsort_conf065/attempts/001/benchmark/runs/m3_rtdetr_botsort_conf065/uav0000339_00001_v/tracks.txt
strict_sahi_botsort,sahi_yolo26_botsort_slice640_overlap020_conf040,001,sahi_yolo26_botsort_slice640_overlap020_conf040,uav0000086_00000_v,0.2455198335458756,0.25945531620140466,0.4774336791333308,0.5555951532430506,0.4185515806429962,3754,7429,58,464,50.22157370406785,9.239057356787226,/Users/katharsis/Developer/cv/mot/outputs/next_experiments/default/stages/strict_sahi_botsort/sahi_yolo26_botsort_slice640_overlap020_conf040/attempts/001/benchmark/runs/sahi_yolo26_botsort_slice640_overlap020_conf040/uav0000086_00000_v/tracks.txt
strict_sahi_botsort,sahi_yolo26_botsort_slice640_overlap020_conf040,001,sahi_yolo26_botsort_slice640_overlap020_conf040,uav0000117_02622_v,0.009926769731488982,0.27363510311168465,0.4119988018314862,0.43451575051899993,0.3917005695687551,5437,6648,83,349,114.6246667157975,3.044719867018824,/Users/katharsis/Developer/cv/mot/outputs/next_experiments/default/stages/strict_sahi_botsort/sahi_yolo26_botsort_slice640_overlap020_conf040/attempts/001/benchmark/runs/sahi_yolo26_botsort_slice640_overlap020_conf040/uav0000117_02622_v/tracks.txt
strict_sahi_botsort,sahi_yolo26_botsort_slice640_overlap020_conf040,001,sahi_yolo26_botsort_slice640_overlap020_conf040,uav0000137_00458_v,-0.12077947134863987,0.2128373678489497,0.46500831753646177,0.3881676677646451,0.5797800501639977,8321,3204,93,233,68.51645358093083,3.400643025471001,/Users/katharsis/Developer/cv/mot/outputs/next_experiments/default/stages/strict_sahi_botsort/sahi_yolo26_botsort_slice640_overlap020_conf040/attempts/001/benchmark/runs/sahi_yolo26_botsort_slice640_overlap020_conf040/uav0000137_00458_v/tracks.txt
strict_sahi_botsort,sahi_yolo26_botsort_slice640_overlap020_conf040,001,sahi_yolo26_botsort_slice640_overlap020_conf040,uav0000182_00000_v,0.03705363812938889,0.23281921259753752,0.32977577597180063,0.4784090909090909,0.2516061556850441,1629,4802,14,363,39.69723224683548,9.144214330683898,/Users/katharsis/Developer/cv/mot/outputs/next_experiments/default/stages/strict_sahi_botsort/sahi_yolo26_botsort_slice640_overlap020_conf040/attempts/001/benchmark/runs/sahi_yolo26_botsort_slice640_overlap020_conf040/uav0000182_00000_v/tracks.txt
strict_sahi_botsort,sahi_yolo26_botsort_slice640_overlap020_conf040,001,sahi_yolo26_botsort_slice640_overlap020_conf040,uav0000268_05773_v,-0.025576782545150945,0.25876948292828866,0.23266091667260674,0.36674157303370786,0.17037269025994362,2338,7467,19,978,524.7505395293992,1.8637427240705244,/Users/katharsis/Developer/cv/mot/outputs/next_experiments/default/stages/strict_sahi_botsort/sahi_yolo26_botsort_slice640_overlap020_conf040/attempts/001/benchmark/runs/sahi_yolo26_botsort_slice640_overlap020_conf040/uav0000268_05773_v/tracks.txt
strict_sahi_botsort,sahi_yolo26_botsort_slice640_overlap020_conf040,001,sahi_yolo26_botsort_slice640_overlap020_conf040,uav0000305_00000_v,0.08778258778258774,0.15685868251786983,0.20980392156862746,0.5679405520169851,0.12866762866762868,278,3494,21,184,24.20309366370202,7.6023339229542115,/Users/katharsis/Developer/cv/mot/outputs/next_experiments/default/stages/strict_sahi_botsort/sahi_yolo26_botsort_slice640_overlap020_conf040/attempts/001/benchmark/runs/sahi_yolo26_botsort_slice640_overlap020_conf040/uav0000305_00000_v/tracks.txt
strict_sahi_botsort,sahi_yolo26_botsort_slice640_overlap020_conf040,001,sahi_yolo26_botsort_slice640_overlap020_conf040,uav0000339_00001_v,0.26378205128205123,0.20031017519357153,0.5066810151555914,0.5752392588067603,0.452724358974359,1610,2939,45,275,36.319000371033326,7.57179430024538,/Users/katharsis/Developer/cv/mot/outputs/next_experiments/default/stages/strict_sahi_botsort/sahi_yolo26_botsort_slice640_overlap020_conf040/attempts/001/benchmark/runs/sahi_yolo26_botsort_slice640_overlap020_conf040/uav0000339_00001_v/tracks.txt
strict_sahi_botsort,sahi_yolo26_botsort_slice640_overlap020_conf050,001,sahi_yolo26_botsort_slice640_overlap020_conf050,uav0000086_00000_v,0.2547150815490973,0.25303009296662643,0.4586924703203773,0.5817263071052903,0.3786160144976173,2926,8128,50,464,46.22833117627306,10.037134981808526,/Users/katharsis/Developer/cv/mot/outputs/next_experiments/default/stages/strict_sahi_botsort/sahi_yolo26_botsort_slice640_overlap020_conf050/attempts/001/benchmark/runs/sahi_yolo26_botsort_slice640_overlap020_conf050/uav0000086_00000_v/tracks.txt
strict_sahi_botsort,sahi_yolo26_botsort_slice640_overlap020_conf050,001,sahi_yolo26_botsort_slice640_overlap020_conf050,uav0000117_02622_v,0.11903986981285597,0.2675073712087259,0.41786129407206507,0.5161521895190236,0.35101708706265256,3411,7343,73,349,105.09767246694537,3.320720543166788,/Users/katharsis/Developer/cv/mot/outputs/next_experiments/default/stages/strict_sahi_botsort/sahi_yolo26_botsort_slice640_overlap020_conf050/attempts/001/benchmark/runs/sahi_yolo26_botsort_slice640_overlap020_conf050/uav0000117_02622_v/tracks.txt
strict_sahi_botsort,sahi_yolo26_botsort_slice640_overlap020_conf050,001,sahi_yolo26_botsort_slice640_overlap020_conf050,uav0000137_00458_v,-0.04447231333204704,0.2082076985594276,0.46153846153846156,0.40442831215970965,0.5374300598109203,7076,3667,84,233,60.48920096157235,3.8519272249607086,/Users/katharsis/Developer/cv/mot/outputs/next_experiments/default/stages/strict_sahi_botsort/sahi_yolo26_botsort_slice640_overlap020_conf050/attempts/001/benchmark/runs/sahi_yolo26_botsort_slice640_overlap020_conf050/uav0000137_00458_v/tracks.txt
strict_sahi_botsort,sahi_yolo26_botsort_slice640_overlap020_conf050,001,sahi_yolo26_botsort_slice640_overlap020_conf050,uav0000182_00000_v,0.10070222620648439,0.2139731899014417,0.31597765363128494,0.6264953478068233,0.21126550126998356,788,5224,7,363,37.39515249468968,9.707140519123381,/Users/katharsis/Developer/cv/mot/outputs/next_experiments/default/stages/strict_sahi_botsort/sahi_yolo26_botsort_slice640_overlap020_conf050/attempts/001/benchmark/runs/sahi_yolo26_botsort_slice640_overlap020_conf050/uav0000182_00000_v/tracks.txt
strict_sahi_botsort,sahi_yolo26_botsort_slice640_overlap020_conf050,001,sahi_yolo26_botsort_slice640_overlap020_conf050,uav0000268_05773_v,-0.06639523958659566,0.23797035268406777,0.16857296384432333,0.31844547563805103,0.11462574381459442,2033,8164,18,978,541.7985043989611,1.8050991135254884,/Users/katharsis/Developer/cv/mot/outputs/next_experiments/default/stages/strict_sahi_botsort/sahi_yolo26_botsort_slice640_overlap020_conf050/attempts/001/benchmark/runs/sahi_yolo26_botsort_slice640_overlap020_conf050/uav0000268_05773_v/tracks.txt
strict_sahi_botsort,sahi_yolo26_botsort_slice640_overlap020_conf050,001,sahi_yolo26_botsort_slice640_overlap020_conf050,uav0000305_00000_v,0.0757575757575758,0.15631693669969415,0.17380509000620734,0.6222222222222222,0.10101010101010101,173,3656,14,184,26.767361376871122,6.874043257733611,/Users/katharsis/Developer/cv/mot/outputs/next_experiments/default/stages/strict_sahi_botsort/sahi_yolo26_botsort_slice640_overlap020_conf050/attempts/001/benchmark/runs/sahi_yolo26_botsort_slice640_overlap020_conf050/uav0000305_00000_v/tracks.txt
strict_sahi_botsort,sahi_yolo26_botsort_slice640_overlap020_conf050,001,sahi_yolo26_botsort_slice640_overlap020_conf050,uav0000339_00001_v,0.23814102564102568,0.18288045914271492,0.4665519877675841,0.5778882575757576,0.39118589743589743,1349,3365,40,275,39.68274808692513,6.929963605282881,/Users/katharsis/Developer/cv/mot/outputs/next_experiments/default/stages/strict_sahi_botsort/sahi_yolo26_botsort_slice640_overlap020_conf050/attempts/001/benchmark/runs/sahi_yolo26_botsort_slice640_overlap020_conf050/uav0000339_00001_v/tracks.txt
strict_sahi_botsort,sahi_yolo26_botsort_slice768_overlap015_conf040,001,sahi_yolo26_botsort_slice768_overlap015_conf040,uav0000086_00000_v,0.2790791328277066,0.25607504796106034,0.4817262520901346,0.5920344456404736,0.40606752131015506,3013,7693,35,464,23.722033414058387,19.559874649068647,/Users/katharsis/Developer/cv/mot/outputs/next_experiments/default/stages/strict_sahi_botsort/sahi_yolo26_botsort_slice768_overlap015_conf040/attempts/001/benchmark/runs/sahi_yolo26_botsort_slice768_overlap015_conf040/uav0000086_00000_v/tracks.txt
strict_sahi_botsort,sahi_yolo26_botsort_slice768_overlap015_conf040,001,sahi_yolo26_botsort_slice768_overlap015_conf040,uav0000117_02622_v,-0.040032546786004986,0.2726409892399862,0.4029838375466225,0.4106418918918919,0.39560618388934093,6126,6576,80,349,94.271455424343,3.7020750176079322,/Users/katharsis/Developer/cv/mot/outputs/next_experiments/default/stages/strict_sahi_botsort/sahi_yolo26_botsort_slice768_overlap015_conf040/attempts/001/benchmark/runs/sahi_yolo26_botsort_slice768_overlap015_conf040/uav0000117_02622_v/tracks.txt
strict_sahi_botsort,sahi_yolo26_botsort_slice768_overlap015_conf040,001,sahi_yolo26_botsort_slice768_overlap015_conf040,uav0000137_00458_v,-0.06260852787960647,0.21356897773545333,0.4997319034852547,0.414380081300813,0.6293652324908354,8159,2781,75,233,63.83639829917229,3.649955295222555,/Users/katharsis/Developer/cv/mot/outputs/next_experiments/default/stages/strict_sahi_botsort/sahi_yolo26_botsort_slice768_overlap015_conf040/attempts/001/benchmark/runs/sahi_yolo26_botsort_slice768_overlap015_conf040/uav0000137_00458_v/tracks.txt
strict_sahi_botsort,sahi_yolo26_botsort_slice768_overlap015_conf040,001,sahi_yolo26_botsort_slice768_overlap015_conf040,uav0000182_00000_v,0.07858957119378451,0.22880001684591222,0.3206379183716294,0.5384073291050036,0.22829822202300912,1149,5004,14,363,17.55925399970147,20.67286002048672,/Users/katharsis/Developer/cv/mot/outputs/next_experiments/default/stages/strict_sahi_botsort/sahi_yolo26_botsort_slice768_overlap015_conf040/attempts/001/benchmark/runs/sahi_yolo26_botsort_slice768_overlap015_conf040/uav0000182_00000_v/tracks.txt
strict_sahi_botsort,sahi_yolo26_botsort_slice768_overlap015_conf040,001,sahi_yolo26_botsort_slice768_overlap015_conf040,uav0000268_05773_v,0.03152729930055331,0.2552530813146212,0.22799295774647887,0.38341968911917096,0.16222987785781398,1866,7392,19,978,486.623335829383,2.0097679827317214,/Users/katharsis/Developer/cv/mot/outputs/next_experiments/default/stages/strict_sahi_botsort/sahi_yolo26_botsort_slice768_overlap015_conf040/attempts/001/benchmark/runs/sahi_yolo26_botsort_slice768_overlap015_conf040/uav0000268_05773_v/tracks.txt
strict_sahi_botsort,sahi_yolo26_botsort_slice768_overlap015_conf040,001,sahi_yolo26_botsort_slice768_overlap015_conf040,uav0000305_00000_v,0.13588263588263583,0.14812372464147708,0.29357798165137616,0.6627218934911243,0.18855218855218855,298,3273,22,184,23.106118797993986,7.963258633292165,/Users/katharsis/Developer/cv/mot/outputs/next_experiments/default/stages/strict_sahi_botsort/sahi_yolo26_botsort_slice768_overlap015_conf040/attempts/001/benchmark/runs/sahi_yolo26_botsort_slice768_overlap015_conf040/uav0000305_00000_v/tracks.txt
strict_sahi_botsort,sahi_yolo26_botsort_slice768_overlap015_conf040,001,sahi_yolo26_botsort_slice768_overlap015_conf040,uav0000339_00001_v,0.24038461538461542,0.20422171676194417,0.5369986168741355,0.5829579579579579,0.49775641025641026,1896,2808,36,275,34.30614515123307,8.016056563268977,/Users/katharsis/Developer/cv/mot/outputs/next_experiments/default/stages/strict_sahi_botsort/sahi_yolo26_botsort_slice768_overlap015_conf040/attempts/001/benchmark/runs/sahi_yolo26_botsort_slice768_overlap015_conf040/uav0000339_00001_v/tracks.txt
strict_sahi_botsort,sahi_yolo26_botsort_slice768_overlap015_conf050,001,sahi_yolo26_botsort_slice768_overlap015_conf050,uav0000086_00000_v,0.2747835425196322,0.24945735043135273,0.46676775334849635,0.6265973086056769,0.3719041546412511,2359,8415,31,464,21.71469357406022,21.368019696777196,/Users/katharsis/Developer/cv/mot/outputs/next_experiments/default/stages/strict_sahi_botsort/sahi_yolo26_botsort_slice768_overlap015_conf050/attempts/001/benchmark/runs/sahi_yolo26_botsort_slice768_overlap015_conf050/uav0000086_00000_v/tracks.txt
strict_sahi_botsort,sahi_yolo26_botsort_slice768_overlap015_conf050,001,sahi_yolo26_botsort_slice768_overlap015_conf050,uav0000117_02622_v,0.061432058584214855,0.26682662307659566,0.40686934323508933,0.47358184764991895,0.3566314076484947,4222,7257,56,349,87.14672640993376,4.004740216612633,/Users/katharsis/Developer/cv/mot/outputs/next_experiments/default/stages/strict_sahi_botsort/sahi_yolo26_botsort_slice768_overlap015_conf050/attempts/001/benchmark/runs/sahi_yolo26_botsort_slice768_overlap015_conf050/uav0000117_02622_v/tracks.txt
strict_sahi_botsort,sahi_yolo26_botsort_slice768_overlap015_conf050,001,sahi_yolo26_botsort_slice768_overlap015_conf050,uav0000137_00458_v,0.008296353463245199,0.20801087519958747,0.4987300286767718,0.4334235260609513,0.5872081805903917,6947,3269,64,233,58.80259237095015,3.9624103394990358,/Users/katharsis/Developer/cv/mot/outputs/next_experiments/default/stages/strict_sahi_botsort/sahi_yolo26_botsort_slice768_overlap015_conf050/attempts/001/benchmark/runs/sahi_yolo26_botsort_slice768_overlap015_conf050/uav0000137_00458_v/tracks.txt
strict_sahi_botsort,sahi_yolo26_botsort_slice768_overlap015_conf050,001,sahi_yolo26_botsort_slice768_overlap015_conf050,uav0000182_00000_v,0.10010458688181678,0.21146572556844467,0.29069767441860467,0.6554798112218144,0.18676228895861346,615,5401,7,363,17.27565070494893,21.01223312508929,/Users/katharsis/Developer/cv/mot/outputs/next_experiments/default/stages/strict_sahi_botsort/sahi_yolo26_botsort_slice768_overlap015_conf050/attempts/001/benchmark/runs/sahi_yolo26_botsort_slice768_overlap015_conf050/uav0000182_00000_v/tracks.txt
strict_sahi_botsort,sahi_yolo26_botsort_slice768_overlap015_conf050,001,sahi_yolo26_botsort_slice768_overlap015_conf050,uav0000268_05773_v,-0.004906566447437033,0.23864272109161624,0.15730337078651685,0.3113994439295644,0.10523019104290636,1634,7976,16,978,478.9233533490333,2.04208041466553,/Users/katharsis/Developer/cv/mot/outputs/next_experiments/default/stages/strict_sahi_botsort/sahi_yolo26_botsort_slice768_overlap015_conf050/attempts/001/benchmark/runs/sahi_yolo26_botsort_slice768_overlap015_conf050/uav0000268_05773_v/tracks.txt
strict_sahi_botsort,sahi_yolo26_botsort_slice768_overlap015_conf050,001,sahi_yolo26_botsort_slice768_overlap015_conf050,uav0000305_00000_v,0.11592111592111587,0.14551653975338466,0.23907403711833966,0.7022274325908558,0.14405964405964405,177,3482,17,184,22.525117248122115,8.168658922978073,/Users/katharsis/Developer/cv/mot/outputs/next_experiments/default/stages/strict_sahi_botsort/sahi_yolo26_botsort_slice768_overlap015_conf050/attempts/001/benchmark/runs/sahi_yolo26_botsort_slice768_overlap015_conf050/uav0000305_00000_v/tracks.txt
strict_sahi_botsort,sahi_yolo26_botsort_slice768_overlap015_conf050,001,sahi_yolo26_botsort_slice768_overlap015_conf050,uav0000339_00001_v,0.2551282051282051,0.18899025447568013,0.5137529137529138,0.6142697881828316,0.44150641025641024,1431,3186,31,275,33.41854334293748,8.228964296198662,/Users/katharsis/Developer/cv/mot/outputs/next_experiments/default/stages/strict_sahi_botsort/sahi_yolo26_botsort_slice768_overlap015_conf050/attempts/001/benchmark/runs/sahi_yolo26_botsort_slice768_overlap015_conf050/uav0000339_00001_v/tracks.txt
upscaling_experiments,m2_yolo26_bytetrack_conf035,001,m2_yolo26_bytetrack_conf035,uav0000086_00000_v,0.24719779850996715,0.2452284400380503,0.40220215811495263,0.584934665641814,0.3064635210416807,2024,9117,75,464,9.241252710256958,50.209643058998026,/Users/katharsis/Developer/cv/mot/outputs/next_experiments/default/stages/upscaling_experiments/m2_yolo26_bytetrack_conf035/attempts/001/benchmark/runs/m2_yolo26_bytetrack_conf035/uav0000086_00000_v/tracks.txt
upscaling_experiments,m2_yolo26_bytetrack_conf035,001,m2_yolo26_bytetrack_conf035,uav0000117_02622_v,0.14157851912123676,0.23320361503493253,0.26703200896749285,0.5690021231422505,0.17445077298616762,955,9477,118,349,7.032533638062887,49.6264956503119,/Users/katharsis/Developer/cv/mot/outputs/next_experiments/default/stages/upscaling_experiments/m2_yolo26_bytetrack_conf035/attempts/001/benchmark/runs/m2_yolo26_bytetrack_conf035/uav0000117_02622_v/tracks.txt
upscaling_experiments,m2_yolo26_bytetrack_conf035,001,m2_yolo26_bytetrack_conf035,uav0000137_00458_v,0.2954852402083735,0.16871455508558764,0.46130339467215836,0.7407723490505654,0.3349411537719468,784,6463,56,233,4.976850164675852,46.81676005714662,/Users/katharsis/Developer/cv/mot/outputs/next_experiments/default/stages/upscaling_experiments/m2_yolo26_bytetrack_conf035/attempts/001/benchmark/runs/m2_yolo26_bytetrack_conf035/uav0000137_00458_v/tracks.txt
upscaling_experiments,m2_yolo26_bytetrack_conf035,001,m2_yolo26_bytetrack_conf035,uav0000182_00000_v,0.04512176901240106,0.23642999046969093,0.2473737716028465,0.5069444444444444,0.1636037651277454,913,5446,32,363,6.799732499697711,53.38445299372255,/Users/katharsis/Developer/cv/mot/outputs/next_experiments/default/stages/upscaling_experiments/m2_yolo26_bytetrack_conf035/attempts/001/benchmark/runs/m2_yolo26_bytetrack_conf035/uav0000182_00000_v/tracks.txt
upscaling_experiments,m2_yolo26_bytetrack_conf035,001,m2_yolo26_bytetrack_conf035,uav0000268_05773_v,0.042279987472596314,0.171701613108805,0.19834133566128329,0.605543710021322,0.11859275498486271,735,8438,1,978,20.44173816172406,47.843289658765265,/Users/katharsis/Developer/cv/mot/outputs/next_experiments/default/stages/upscaling_experiments/m2_yolo26_bytetrack_conf035/attempts/001/benchmark/runs/m2_yolo26_bytetrack_conf035/uav0000268_05773_v/tracks.txt
upscaling_experiments,m2_yolo26_bytetrack_conf035,001,m2_yolo26_bytetrack_conf035,uav0000305_00000_v,0.06661856661856658,0.16801705592821878,0.12600178094390027,0.8473053892215568,0.06806156806156806,25,3849,7,184,3.723483546054922,49.41609053031813,/Users/katharsis/Developer/cv/mot/outputs/next_experiments/default/stages/upscaling_experiments/m2_yolo26_bytetrack_conf035/attempts/001/benchmark/runs/m2_yolo26_bytetrack_conf035/uav0000305_00000_v/tracks.txt
upscaling_experiments,m2_yolo26_bytetrack_conf035,001,m2_yolo26_bytetrack_conf035,uav0000339_00001_v,0.22067307692307692,0.169838213227852,0.3404303510758777,0.5803088803088803,0.24086538461538462,585,4235,43,275,6.025801282085013,45.63708411984773,/Users/katharsis/Developer/cv/mot/outputs/next_experiments/default/stages/upscaling_experiments/m2_yolo26_bytetrack_conf035/attempts/001/benchmark/runs/m2_yolo26_bytetrack_conf035/uav0000339_00001_v/tracks.txt
upscaling_experiments,rtdetr_upscale15_botsort,001,rtdetr_upscale15_botsort,uav0000086_00000_v,0.17021276595744683,0.23808242798720256,0.28885091398684687,0.6321396192203083,0.1871937713940533,909,11396,58,464,277.9941603439802,1.6690998092401033,/Users/katharsis/Developer/cv/mot/outputs/next_experiments/default/stages/upscaling_experiments/rtdetr_upscale15_botsort/attempts/001/benchmark/runs/rtdetr_upscale15_botsort/uav0000086_00000_v/tracks.txt
upscaling_experiments,rtdetr_upscale15_botsort,001,rtdetr_upscale15_botsort,uav0000117_02622_v,0.09877949552481691,0.23341660957076346,0.30178713996192347,0.6153268219383922,0.1999186330349878,1375,9672,29,349,207.68828863589442,1.6804028878674235,/Users/katharsis/Developer/cv/mot/outputs/next_experiments/default/stages/upscaling_experiments/rtdetr_upscale15_botsort/attempts/001/benchmark/runs/rtdetr_upscale15_botsort/uav0000117_02622_v/tracks.txt
upscaling_experiments,rtdetr_upscale15_botsort,001,rtdetr_upscale15_botsort,uav0000137_00458_v,0.27522670268184446,0.16168519307272916,0.4803191489361702,0.772785622593068,0.34844684545629945,897,6589,27,233,135.87854045518907,1.714766726367953,/Users/katharsis/Developer/cv/mot/outputs/next_experiments/default/stages/upscaling_experiments/rtdetr_upscale15_botsort/attempts/001/benchmark/runs/rtdetr_upscale15_botsort/uav0000137_00458_v/tracks.txt
upscaling_experiments,rtdetr_upscale15_botsort,001,rtdetr_upscale15_botsort,uav0000182_00000_v,-0.013148065142686294,0.24832484027113055,0.293676955349116,0.4430379746835443,0.21963245181532945,1691,5066,24,363,217.27591786687844,1.6706867634654496,/Users/katharsis/Developer/cv/mot/outputs/next_experiments/default/stages/upscaling_experiments/rtdetr_upscale15_botsort/attempts/001/benchmark/runs/rtdetr_upscale15_botsort/uav0000182_00000_v/tracks.txt
upscaling_experiments,rtdetr_upscale15_botsort,001,rtdetr_upscale15_botsort,uav0000268_05773_v,0.1777847374464976,0.24311683491068972,0.39583485036044563,0.6543090996629755,0.28374569370497965,1216,6641,19,978,567.7335131615982,1.7226391913235966,/Users/katharsis/Developer/cv/mot/outputs/next_experiments/default/stages/upscaling_experiments/rtdetr_upscale15_botsort/attempts/001/benchmark/runs/rtdetr_upscale15_botsort/uav0000268_05773_v/tracks.txt
upscaling_experiments,rtdetr_upscale15_botsort,001,rtdetr_upscale15_botsort,uav0000305_00000_v,0.20394420394420398,0.1429042332812134,0.36696209692626813,0.8497816593886462,0.234006734006734,141,3154,15,184,108.11203534403467,1.7019381738071462,/Users/katharsis/Developer/cv/mot/outputs/next_experiments/default/stages/upscaling_experiments/rtdetr_upscale15_botsort/attempts/001/benchmark/runs/rtdetr_upscale15_botsort/uav0000305_00000_v/tracks.txt
upscaling_experiments,rtdetr_upscale15_botsort,001,rtdetr_upscale15_botsort,uav0000339_00001_v,0.2189102564102564,0.21829335209071865,0.4797537751274406,0.5999518883810441,0.3996794871794872,1385,3468,21,275,157.5794413809199,1.745151509550266,/Users/katharsis/Developer/cv/mot/outputs/next_experiments/default/stages/upscaling_experiments/rtdetr_upscale15_botsort/attempts/001/benchmark/runs/rtdetr_upscale15_botsort/uav0000339_00001_v/tracks.txt
upscaling_experiments,yolo26_upscale15_botsort,001,yolo26_upscale15_botsort,uav0000086_00000_v,0.26894422444459365,0.25999376162041204,0.48919684100730143,0.5496860611134365,0.44070071816900463,3936,6890,66,464,25.406050125980983,18.263366312321796,/Users/katharsis/Developer/cv/mot/outputs/next_experiments/default/stages/upscaling_experiments/yolo26_upscale15_botsort/attempts/001/benchmark/runs/yolo26_upscale15_botsort/uav0000086_00000_v/tracks.txt
upscaling_experiments,yolo26_upscale15_botsort,001,yolo26_upscale15_botsort,uav0000117_02622_v,0.09479251423921886,0.24832983832635516,0.39002041730989495,0.5026312411757156,0.31863303498779494,3280,7779,66,349,16.81901662706514,20.75032136173703,/Users/katharsis/Developer/cv/mot/outputs/next_experiments/default/stages/upscaling_experiments/yolo26_upscale15_botsort/attempts/001/benchmark/runs/yolo26_upscale15_botsort/uav0000117_02622_v/tracks.txt
upscaling_experiments,yolo26_upscale15_botsort,001,yolo26_upscale15_botsort,uav0000137_00458_v,0.2533281883079298,0.17843678316588663,0.5637590861889927,0.6104115133798066,0.523731429673934,3118,4590,32,233,12.087395458074752,19.27627840159303,/Users/katharsis/Developer/cv/mot/outputs/next_experiments/default/stages/upscaling_experiments/yolo26_upscale15_botsort/attempts/001/benchmark/runs/yolo26_upscale15_botsort/uav0000137_00458_v/tracks.txt
upscaling_experiments,yolo26_upscale15_botsort,001,yolo26_upscale15_botsort,uav0000182_00000_v,0.05572986702525029,0.2515801286481767,0.38415008328219513,0.46478574459058125,0.3273569400866577,2158,4137,25,363,17.2395622486074,21.056219106104212,/Users/katharsis/Developer/cv/mot/outputs/next_experiments/default/stages/upscaling_experiments/yolo26_upscale15_botsort/attempts/001/benchmark/runs/yolo26_upscale15_botsort/uav0000182_00000_v/tracks.txt
upscaling_experiments,yolo26_upscale15_botsort,001,yolo26_upscale15_botsort,uav0000268_05773_v,0.03465915022444932,0.14366480441248228,0.1775187906426822,0.46463306808134397,0.10971917736715732,962,8279,6,978,47.495141407009214,20.59157991801808,/Users/katharsis/Developer/cv/mot/outputs/next_experiments/default/stages/upscaling_experiments/yolo26_upscale15_botsort/attempts/001/benchmark/runs/yolo26_upscale15_botsort/uav0000268_05773_v/tracks.txt
upscaling_experiments,yolo26_upscale15_botsort,001,yolo26_upscale15_botsort,uav0000305_00000_v,0.1354016354016354,0.14612070872598454,0.24338624338624337,0.6571428571428571,0.14935064935064934,179,3392,24,184,10.697573880985146,17.200161648526546,/Users/katharsis/Developer/cv/mot/outputs/next_experiments/default/stages/upscaling_experiments/yolo26_upscale15_botsort/attempts/001/benchmark/runs/yolo26_upscale15_botsort/uav0000305_00000_v/tracks.txt
upscaling_experiments,yolo26_upscale15_botsort,001,yolo26_upscale15_botsort,uav0000339_00001_v,0.2503205128205128,0.17451850920518908,0.5141437308868502,0.6368371212121212,0.4310897435897436,1319,3335,24,275,16.28438458830351,16.88734373158459,/Users/katharsis/Developer/cv/mot/outputs/next_experiments/default/stages/upscaling_experiments/yolo26_upscale15_botsort/attempts/001/benchmark/runs/yolo26_upscale15_botsort/uav0000339_00001_v/tracks.txt
upscaling_experiments,yolo26_upscale15_bytetrack,001,yolo26_upscale15_bytetrack,uav0000086_00000_v,0.26310490636955497,0.25389357384013356,0.49208955223880596,0.5540710864633224,0.44258003892878717,3953,6951,75,464,21.09924382364261,21.991309445889623,/Users/katharsis/Developer/cv/mot/outputs/next_experiments/default/stages/upscaling_experiments/yolo26_upscale15_bytetrack/attempts/001/benchmark/runs/yolo26_upscale15_bytetrack/uav0000086_00000_v/tracks.txt
upscaling_experiments,yolo26_upscale15_bytetrack,001,yolo26_upscale15_bytetrack,uav0000117_02622_v,0.08584214808787627,0.2519357431866166,0.30920510708401977,0.42094196804037004,0.24434499593165174,2934,8090,211,349,13.2009042451391,26.437582874560313,/Users/katharsis/Developer/cv/mot/outputs/next_experiments/default/stages/upscaling_experiments/yolo26_upscale15_bytetrack/attempts/001/benchmark/runs/yolo26_upscale15_bytetrack/uav0000117_02622_v/tracks.txt
upscaling_experiments,yolo26_upscale15_bytetrack,001,yolo26_upscale15_bytetrack,uav0000137_00458_v,0.250723519197376,0.1878563127577848,0.5055051813471503,0.5737564322469982,0.4517653868415975,2735,4939,93,233,9.628311582899187,24.19946612590213,/Users/katharsis/Developer/cv/mot/outputs/next_experiments/default/stages/upscaling_experiments/yolo26_upscale15_bytetrack/attempts/001/benchmark/runs/yolo26_upscale15_bytetrack/uav0000137_00458_v/tracks.txt
upscaling_experiments,yolo26_upscale15_bytetrack,001,yolo26_upscale15_bytetrack,uav0000182_00000_v,0.05468399820708203,0.2662553830448923,0.3399216686401312,0.4353709752683154,0.2787987449574182,1931,4338,58,363,15.573622338008136,23.308642788523382,/Users/katharsis/Developer/cv/mot/outputs/next_experiments/default/stages/upscaling_experiments/yolo26_upscale15_bytetrack/attempts/001/benchmark/runs/yolo26_upscale15_bytetrack/uav0000182_00000_v/tracks.txt
upscaling_experiments,yolo26_upscale15_bytetrack,001,yolo26_upscale15_bytetrack,uav0000268_05773_v,0.03257124960851865,0.15967728776572965,0.18614864864864866,0.48739495798319327,0.11504332393778056,972,8290,5,978,35.34856883477187,27.667315318235904,/Users/katharsis/Developer/cv/mot/outputs/next_experiments/default/stages/upscaling_experiments/yolo26_upscale15_bytetrack/attempts/001/benchmark/runs/yolo26_upscale15_bytetrack/uav0000268_05773_v/tracks.txt
upscaling_experiments,yolo26_upscale15_bytetrack,001,yolo26_upscale15_bytetrack,uav0000305_00000_v,0.10028860028860032,0.17557856547197828,0.1999581677473332,0.7672552166934189,0.11495911495911496,97,3632,12,184,8.00314886868,22.99095056448051,/Users/katharsis/Developer/cv/mot/outputs/next_experiments/default/stages/upscaling_experiments/yolo26_upscale15_bytetrack/attempts/001/benchmark/runs/yolo26_upscale15_bytetrack/uav0000305_00000_v/tracks.txt
upscaling_experiments,yolo26_upscale15_bytetrack,001,yolo26_upscale15_bytetrack,uav0000339_00001_v,0.23076923076923073,0.1922591868598482,0.40917142294823855,0.530086690464049,0.3331730769230769,1211,3529,60,275,13.107285702601075,20.980697776766064,/Users/katharsis/Developer/cv/mot/outputs/next_experiments/default/stages/upscaling_experiments/yolo26_upscale15_bytetrack/attempts/001/benchmark/runs/yolo26_upscale15_bytetrack/uav0000339_00001_v/tracks.txt
upscaling_experiments,yolo26_upscale20_botsort,001,yolo26_upscale20_botsort,uav0000086_00000_v,0.21108799248271692,0.26862140891057223,0.5168165168165169,0.5128544048641861,0.5208403248540171,5955,5723,76,464,34.49478515420924,13.451308594202978,/Users/katharsis/Developer/cv/mot/outputs/next_experiments/default/stages/upscaling_experiments/yolo26_upscale20_botsort/attempts/001/benchmark/runs/yolo26_upscale20_botsort/uav0000086_00000_v/tracks.txt
upscaling_experiments,yolo26_upscale20_botsort,001,yolo26_upscale20_botsort,uav0000117_02622_v,0.028315703824247307,0.25962100433256124,0.43729464476210794,0.45975773889636606,0.41692432872253865,5356,6501,85,349,23.726535589259584,14.709269235158953,/Users/katharsis/Developer/cv/mot/outputs/next_experiments/default/stages/upscaling_experiments/yolo26_upscale20_botsort/attempts/001/benchmark/runs/yolo26_upscale20_botsort/uav0000117_02622_v/tracks.txt
upscaling_experiments,yolo26_upscale20_botsort,001,yolo26_upscale20_botsort,uav0000137_00458_v,0.1286899479066178,0.19491701099465833,0.5785918420368927,0.5249057196731616,0.6445109010225738,5675,3313,44,233,17.200388873257907,13.546205362964432,/Users/katharsis/Developer/cv/mot/outputs/next_experiments/default/stages/upscaling_experiments/yolo26_upscale20_botsort/attempts/001/benchmark/runs/yolo26_upscale20_botsort/uav0000137_00458_v/tracks.txt
upscaling_experiments,yolo26_upscale20_botsort,001,yolo26_upscale20_botsort,uav0000182_00000_v,-0.0569251456745854,0.2615023557911853,0.4397843904600162,0.43474452554744525,0.44494247721500074,3601,3444,29,363,26.68090741307242,13.605234424004136,/Users/katharsis/Developer/cv/mot/outputs/next_experiments/default/stages/upscaling_experiments/yolo26_upscale20_botsort/attempts/001/benchmark/runs/yolo26_upscale20_botsort/uav0000182_00000_v/tracks.txt
upscaling_experiments,yolo26_upscale20_botsort,001,yolo26_upscale20_botsort,uav0000268_05773_v,0.04321954274976514,0.17351642964076316,0.16121161127471603,0.41543798785776237,0.10001043950307965,941,8214,10,978,64.39610966204782,15.187252850095529,/Users/katharsis/Developer/cv/mot/outputs/next_experiments/default/stages/upscaling_experiments/yolo26_upscale20_botsort/attempts/001/benchmark/runs/yolo26_upscale20_botsort/uav0000268_05773_v/tracks.txt
upscaling_experiments,yolo26_upscale20_botsort,001,yolo26_upscale20_botsort,uav0000305_00000_v,0.1515151515151515,0.14924339667715927,0.2938852304797742,0.6750216076058773,0.18783068783068782,251,3252,25,184,14.331356382870581,12.838980141469671,/Users/katharsis/Developer/cv/mot/outputs/next_experiments/default/stages/upscaling_experiments/yolo26_upscale20_botsort/attempts/001/benchmark/runs/yolo26_upscale20_botsort/uav0000305_00000_v/tracks.txt
upscaling_experiments,yolo26_upscale20_botsort,001,yolo26_upscale20_botsort,uav0000339_00001_v,0.2503205128205128,0.2002827926133045,0.554366292898403,0.5898409255242227,0.5229166666666667,1972,2680,26,275,22.66878937810543,12.131216864435107,/Users/katharsis/Developer/cv/mot/outputs/next_experiments/default/stages/upscaling_experiments/yolo26_upscale20_botsort/attempts/001/benchmark/runs/yolo26_upscale20_botsort/uav0000339_00001_v/tracks.txt
upscaling_experiments,yolo26_upscale20_bytetrack,001,yolo26_upscale20_bytetrack,uav0000086_00000_v,0.2048459628162964,0.26327355609451364,0.5041859844568226,0.5011271714626707,0.5072823679441574,5974,5791,82,464,36.8108127861924,12.604991981433365,/Users/katharsis/Developer/cv/mot/outputs/next_experiments/default/stages/upscaling_experiments/yolo26_upscale20_bytetrack/attempts/001/benchmark/runs/yolo26_upscale20_bytetrack/uav0000086_00000_v/tracks.txt
upscaling_experiments,yolo26_upscale20_bytetrack,001,yolo26_upscale20_bytetrack,uav0000117_02622_v,0.03075671277461356,0.2624654144622362,0.3301827909050379,0.3651873767258383,0.30130187144019527,4747,6897,268,349,23.246437123190844,15.013053318688334,/Users/katharsis/Developer/cv/mot/outputs/next_experiments/default/stages/upscaling_experiments/yolo26_upscale20_bytetrack/attempts/001/benchmark/runs/yolo26_upscale20_bytetrack/uav0000117_02622_v/tracks.txt
upscaling_experiments,yolo26_upscale20_bytetrack,001,yolo26_upscale20_bytetrack,uav0000137_00458_v,0.13978390893305037,0.20397785656810624,0.5051147988179132,0.4776850976008255,0.5358865521898515,5017,3754,146,233,15.385049079894088,15.144573071560457,/Users/katharsis/Developer/cv/mot/outputs/next_experiments/default/stages/upscaling_experiments/yolo26_upscale20_bytetrack/attempts/001/benchmark/runs/yolo26_upscale20_bytetrack/uav0000137_00458_v/tracks.txt
upscaling_experiments,yolo26_upscale20_bytetrack,001,yolo26_upscale20_bytetrack,uav0000182_00000_v,-0.057074555505752356,0.2758928334576504,0.3670285976448998,0.37588097102584184,0.35858359480053786,3347,3655,73,363,27.73653274818207,13.087432495461856,/Users/katharsis/Developer/cv/mot/outputs/next_experiments/default/stages/upscaling_experiments/yolo26_upscale20_bytetrack/attempts/001/benchmark/runs/yolo26_upscale20_bytetrack/uav0000182_00000_v/tracks.txt
upscaling_experiments,yolo26_upscale20_bytetrack,001,yolo26_upscale20_bytetrack,uav0000268_05773_v,0.0406096669798518,0.18987946989261376,0.1691492047462762,0.4361979166666667,0.10491700595051676,951,8226,13,978,51.72289979510242,18.908452617202364,/Users/katharsis/Developer/cv/mot/outputs/next_experiments/default/stages/upscaling_experiments/yolo26_upscale20_bytetrack/attempts/001/benchmark/runs/yolo26_upscale20_bytetrack/uav0000268_05773_v/tracks.txt
upscaling_experiments,yolo26_upscale20_bytetrack,001,yolo26_upscale20_bytetrack,uav0000305_00000_v,0.12409812409812415,0.1802602073772214,0.26053946053946053,0.7697756788665879,0.1568061568061568,160,3471,11,184,12.490556719509186,14.731128814507336,/Users/katharsis/Developer/cv/mot/outputs/next_experiments/default/stages/upscaling_experiments/yolo26_upscale20_bytetrack/attempts/001/benchmark/runs/yolo26_upscale20_bytetrack/uav0000305_00000_v/tracks.txt
upscaling_experiments,yolo26_upscale20_bytetrack,001,yolo26_upscale20_bytetrack,uav0000339_00001_v,0.2288461538461538,0.21245708489099216,0.43374558303886923,0.48326771653543305,0.39342948717948717,1784,2944,84,275,18.74720570811769,14.66885274966193,/Users/katharsis/Developer/cv/mot/outputs/next_experiments/default/stages/upscaling_experiments/yolo26_upscale20_bytetrack/attempts/001/benchmark/runs/yolo26_upscale20_bytetrack/uav0000339_00001_v/tracks.txt
