stage,experiment_id,attempt,method,sequence_name,MOTA,IDF1,FP,FN,IDS,FPS,unique_predicted_ids,short_tracks_leq_3,average_predicted_track_length,median_predicted_bbox_area,median_gt_bbox_area,car_recall_proxy,car_gt_boxes,car_matched_predicted_boxes,prediction_path
gmc_ablation,rtdetr_botsort_conf055_gmc_off,001,rtdetr_botsort_conf055_gmc_off,uav0000086_00000_v,0.2840459091214176,0.3992002340778309,674,9966,27,4.111855797924307,56,9,100.125,3261.7736999999997,1690.0,,0,0,/Users/katharsis/Developer/cv/mot/outputs/next_experiments/default/stages/gmc_ablation/rtdetr_botsort_conf055_gmc_off/attempts/001/benchmark/runs/rtdetr_botsort_conf055_gmc_off/uav0000086_00000_v/tracks.txt
gmc_ablation,rtdetr_botsort_conf055_gmc_off,001,rtdetr_botsort_conf055_gmc_off,uav0000117_02622_v,0.17607811228641168,0.345220462572633,1495,8521,110,4.1600059796638895,200,61,26.32,5296.93115,4134.0,0.6262724188075618,4126,2584,/Users/katharsis/Developer/cv/mot/outputs/next_experiments/default/stages/gmc_ablation/rtdetr_botsort_conf055_gmc_off/attempts/001/benchmark/runs/rtdetr_botsort_conf055_gmc_off/uav0000117_02622_v/tracks.txt
gmc_ablation,rtdetr_botsort_conf055_gmc_off,001,rtdetr_botsort_conf055_gmc_off,uav0000137_00458_v,0.3330117692456106,0.5092190548108992,1014,5855,45,4.180997679812371,127,22,43.503937007874015,9694.212,7828.0,0.5725585640401581,6574,3764,/Users/katharsis/Developer/cv/mot/outputs/next_experiments/default/stages/gmc_ablation/rtdetr_botsort_conf055_gmc_off/attempts/001/benchmark/runs/rtdetr_botsort_conf055_gmc_off/uav0000137_00458_v/tracks.txt
gmc_ablation,rtdetr_botsort_conf055_gmc_off,001,rtdetr_botsort_conf055_gmc_off,uav0000182_00000_v,0.04063947407739432,0.37850467289719625,2066,4324,31,4.109927845670634,140,32,31.678571428571427,1161.8684,1080.0,0.38235294117647056,5848,2236,/Users/katharsis/Developer/cv/mot/outputs/next_experiments/default/stages/gmc_ablation/rtdetr_botsort_conf055_gmc_off/attempts/001/benchmark/runs/rtdetr_botsort_conf055_gmc_off/uav0000182_00000_v/tracks.txt
gmc_ablation,rtdetr_botsort_conf055_gmc_off,001,rtdetr_botsort_conf055_gmc_off,uav0000268_05773_v,0.04186240734941016,0.27936077189808534,1640,7532,6,4.382789655139208,28,4,131.67857142857142,16735.168800000003,2052.0,0.2356123388581952,8688,2047,/Users/katharsis/Developer/cv/mot/outputs/next_experiments/default/stages/gmc_ablation/rtdetr_botsort_conf055_gmc_off/attempts/001/benchmark/runs/rtdetr_botsort_conf055_gmc_off/uav0000268_05773_v/tracks.txt
gmc_ablation,rtdetr_botsort_conf055_gmc_off,001,rtdetr_botsort_conf055_gmc_off,uav0000305_00000_v,0.20851370851370854,0.36031532397615845,85,3200,6,4.153203475339125,29,4,35.96551724137931,8255.9826,6554.0,0.26478717523493644,3618,958,/Users/katharsis/Developer/cv/mot/outputs/next_experiments/default/stages/gmc_ablation/rtdetr_botsort_conf055_gmc_off/attempts/001/benchmark/runs/rtdetr_botsort_conf055_gmc_off/uav0000305_00000_v/tracks.txt
gmc_ablation,rtdetr_botsort_conf055_gmc_off,001,rtdetr_botsort_conf055_gmc_off,uav0000339_00001_v,0.2963141025641025,0.4437205935577271,1447,2875,69,4.188793046049444,126,34,38.19047619047619,2857.8556000000003,2346.0,0.7182339063026626,2967,2131,/Users/katharsis/Developer/cv/mot/outputs/next_experiments/default/stages/gmc_ablation/rtdetr_botsort_conf055_gmc_off/attempts/001/benchmark/runs/rtdetr_botsort_conf055_gmc_off/uav0000339_00001_v/tracks.txt
gmc_ablation,rtdetr_botsort_conf055_gmc_on,001,rtdetr_botsort_conf055_gmc_on,uav0000086_00000_v,0.2853211624941271,0.40487567040468064,669,9957,22,4.063455750899663,52,8,107.90384615384616,3258.5260000000003,1690.0,,0,0,/Users/katharsis/Developer/cv/mot/outputs/next_experiments/default/stages/gmc_ablation/rtdetr_botsort_conf055_gmc_on/attempts/001/benchmark/runs/rtdetr_botsort_conf055_gmc_on/uav0000086_00000_v/tracks.txt
gmc_ablation,rtdetr_botsort_conf055_gmc_on,001,rtdetr_botsort_conf055_gmc_on,uav0000117_02622_v,0.1888527257933279,0.39919082939986517,1579,8363,27,4.135947851308688,124,46,44.403225806451616,5143.802500000001,4134.0,0.6347552108579738,4126,2619,/Users/katharsis/Developer/cv/mot/outputs/next_experiments/default/stages/gmc_ablation/rtdetr_botsort_conf055_gmc_on/attempts/001/benchmark/runs/rtdetr_botsort_conf055_gmc_on/uav0000117_02622_v/tracks.txt
gmc_ablation,rtdetr_botsort_conf055_gmc_on,001,rtdetr_botsort_conf055_gmc_on,uav0000137_00458_v,0.3372564152035501,0.5544701372573265,1154,5712,4,4.127090163677631,90,13,64.53333333333333,9230.039149999999,7828.0,0.5835108001216915,6574,3836,/Users/katharsis/Developer/cv/mot/outputs/next_experiments/default/stages/gmc_ablation/rtdetr_botsort_conf055_gmc_on/attempts/001/benchmark/runs/rtdetr_botsort_conf055_gmc_on/uav0000137_00458_v/tracks.txt
gmc_ablation,rtdetr_botsort_conf055_gmc_on,001,rtdetr_botsort_conf055_gmc_on,uav0000182_00000_v,0.031525474376214,0.4046029515108925,2233,4235,14,4.107300082143563,126,35,37.23015873015873,1109.2992,1080.0,0.39278385772913815,5848,2297,/Users/katharsis/Developer/cv/mot/outputs/next_experiments/default/stages/gmc_ablation/rtdetr_botsort_conf055_gmc_on/attempts/001/benchmark/runs/rtdetr_botsort_conf055_gmc_on/uav0000182_00000_v/tracks.txt
gmc_ablation,rtdetr_botsort_conf055_gmc_on,001,rtdetr_botsort_conf055_gmc_on,uav0000268_05773_v,0.04280196262657898,0.2795293407753809,1632,7532,5,4.377215531037786,27,4,136.25925925925927,16959.2328,2052.0,0.2356123388581952,8688,2047,/Users/katharsis/Developer/cv/mot/outputs/next_experiments/default/stages/gmc_ablation/rtdetr_botsort_conf055_gmc_on/attempts/001/benchmark/runs/rtdetr_botsort_conf055_gmc_on/uav0000268_05773_v/tracks.txt
gmc_ablation,rtdetr_botsort_conf055_gmc_on,001,rtdetr_botsort_conf055_gmc_on,uav0000305_00000_v,0.22631072631072635,0.37980859448301746,106,3093,18,4.161382997884614,57,24,20.54385964912281,8658.8326,6554.0,0.2943615257048093,3618,1065,/Users/katharsis/Developer/cv/mot/outputs/next_experiments/default/stages/gmc_ablation/rtdetr_botsort_conf055_gmc_on/attempts/001/benchmark/runs/rtdetr_botsort_conf055_gmc_on/uav0000305_00000_v/tracks.txt
gmc_ablation,rtdetr_botsort_conf055_gmc_on,001,rtdetr_botsort_conf055_gmc_on,uav0000339_00001_v,0.34118589743589745,0.6258960969997345,1459,2640,12,4.107129310582309,76,24,66.5657894736842,2729.0904000000005,2346.0,0.7408156386922817,2967,2198,/Users/katharsis/Developer/cv/mot/outputs/next_experiments/default/stages/gmc_ablation/rtdetr_botsort_conf055_gmc_on/attempts/001/benchmark/runs/rtdetr_botsort_conf055_gmc_on/uav0000339_00001_v/tracks.txt
gmc_ablation,yolo26_botsort_gmc_off,001,yolo26_botsort_gmc_off,uav0000086_00000_v,0.24820457748842206,0.42604749526369123,2016,9117,68,54.3708192509271,127,40,61.40157480314961,3091.06865,1690.0,,0,0,/Users/katharsis/Developer/cv/mot/outputs/next_experiments/default/stages/gmc_ablation/yolo26_botsort_gmc_off/attempts/001/benchmark/runs/yolo26_botsort_gmc_off/uav0000086_00000_v/tracks.txt
gmc_ablation,yolo26_botsort_gmc_off,001,yolo26_botsort_gmc_off,uav0000117_02622_v,0.14393816110659075,0.2687496110039211,947,9460,114,52.552839819742836,210,76,17.985714285714284,6506.4722,4134.0,0.4294716432380029,4126,1772,/Users/katharsis/Developer/cv/mot/outputs/next_experiments/default/stages/gmc_ablation/yolo26_botsort_gmc_off/attempts/001/benchmark/runs/yolo26_botsort_gmc_off/uav0000117_02622_v/tracks.txt
gmc_ablation,yolo26_botsort_gmc_off,001,yolo26_botsort_gmc_off,uav0000137_00458_v,0.29876519390314493,0.4600371747211896,773,6441,55,51.02381626388931,161,45,29.180124223602483,11978.606899999999,7828.0,0.4969577121995741,6574,3267,/Users/katharsis/Developer/cv/mot/outputs/next_experiments/default/stages/gmc_ablation/yolo26_botsort_gmc_off/attempts/001/benchmark/runs/yolo26_botsort_gmc_off/uav0000137_00458_v/tracks.txt
gmc_ablation,yolo26_botsort_gmc_off,001,yolo26_botsort_gmc_off,uav0000182_00000_v,0.04825937546690573,0.2543730955874055,907,5432,31,56.412863945206205,126,56,17.206349206349206,2397.82615,1080.0,0.21426128590971272,5848,1253,/Users/katharsis/Developer/cv/mot/outputs/next_experiments/default/stages/gmc_ablation/yolo26_botsort_gmc_off/attempts/001/benchmark/runs/yolo26_botsort_gmc_off/uav0000182_00000_v/tracks.txt
gmc_ablation,yolo26_botsort_gmc_off,001,yolo26_botsort_gmc_off,uav0000268_05773_v,0.04332393778056165,0.1994938476306833,732,8431,1,52.805387246974746,17,2,110.58823529411765,58377.486399999994,2052.0,0.13213627992633517,8688,1148,/Users/katharsis/Developer/cv/mot/outputs/next_experiments/default/stages/gmc_ablation/yolo26_botsort_gmc_off/attempts/001/benchmark/runs/yolo26_botsort_gmc_off/uav0000268_05773_v/tracks.txt
gmc_ablation,yolo26_botsort_gmc_off,001,yolo26_botsort_gmc_off,uav0000305_00000_v,0.07046657046657046,0.13167259786476868,20,3840,5,58.08822118545122,18,5,18.77777777777778,10051.80545,6554.0,0.087893864013267,3618,318,/Users/katharsis/Developer/cv/mot/outputs/next_experiments/default/stages/gmc_ablation/yolo26_botsort_gmc_off/attempts/001/benchmark/runs/yolo26_botsort_gmc_off/uav0000305_00000_v/tracks.txt
gmc_ablation,yolo26_botsort_gmc_off,001,yolo26_botsort_gmc_off,uav0000339_00001_v,0.2235576923076923,0.3431350373218729,579,4217,49,56.46744976225867,80,25,32.525,3444.0739999999996,2346.0,0.4472531176272329,2967,1327,/Users/katharsis/Developer/cv/mot/outputs/next_experiments/default/stages/gmc_ablation/yolo26_botsort_gmc_off/attempts/001/benchmark/runs/yolo26_botsort_gmc_off/uav0000339_00001_v/tracks.txt
gmc_ablation,yolo26_botsort_gmc_on,001,yolo26_botsort_gmc_on,uav0000086_00000_v,0.2496811866568226,0.41906941937755865,2016,9097,66,44.59371946892676,123,33,63.5609756097561,3082.1000999999997,1690.0,,0,0,/Users/katharsis/Developer/cv/mot/outputs/next_experiments/default/stages/gmc_ablation/yolo26_botsort_gmc_on/attempts/001/benchmark/runs/yolo26_botsort_gmc_on/uav0000086_00000_v/tracks.txt
gmc_ablation,yolo26_botsort_gmc_on,001,yolo26_botsort_gmc_on,uav0000117_02622_v,0.15541090317331163,0.3350222819119712,1073,9272,35,39.629406024544345,119,40,34.378151260504204,6087.875,4134.0,0.44134755210857973,4126,1821,/Users/katharsis/Developer/cv/mot/outputs/next_experiments/default/stages/gmc_ablation/yolo26_botsort_gmc_on/attempts/001/benchmark/runs/yolo26_botsort_gmc_on/uav0000117_02622_v/tracks.txt
gmc_ablation,yolo26_botsort_gmc_on,001,yolo26_botsort_gmc_on,uav0000137_00458_v,0.3114026625506463,0.5253642039542143,883,6239,16,35.0401071255936,130,43,38.53846153846154,11138.47595,7828.0,0.5184058411925768,6574,3408,/Users/katharsis/Developer/cv/mot/outputs/next_experiments/default/stages/gmc_ablation/yolo26_botsort_gmc_on/attempts/001/benchmark/runs/yolo26_botsort_gmc_on/uav0000137_00458_v/tracks.txt
gmc_ablation,yolo26_botsort_gmc_on,001,yolo26_botsort_gmc_on,uav0000182_00000_v,0.05304049006424627,0.2880333443018537,1026,5295,17,44.27469087807954,106,38,22.867924528301888,2102.0362999999998,1080.0,0.22913816689466485,5848,1340,/Users/katharsis/Developer/cv/mot/outputs/next_experiments/default/stages/gmc_ablation/yolo26_botsort_gmc_on/attempts/001/benchmark/runs/yolo26_botsort_gmc_on/uav0000182_00000_v/tracks.txt
gmc_ablation,yolo26_botsort_gmc_on,001,yolo26_botsort_gmc_on,uav0000268_05773_v,0.043637122872951295,0.2006805688857866,732,8429,0,34.457520499693,16,2,117.625,58362.632000000005,2052.0,0.13236648250460406,8688,1150,/Users/katharsis/Developer/cv/mot/outputs/next_experiments/default/stages/gmc_ablation/yolo26_botsort_gmc_on/attempts/001/benchmark/runs/yolo26_botsort_gmc_on/uav0000268_05773_v/tracks.txt
gmc_ablation,yolo26_botsort_gmc_on,001,yolo26_botsort_gmc_on,uav0000305_00000_v,0.1034151034151034,0.16972767574414185,63,3642,23,42.47439185695778,58,18,9.982758620689655,10207.641599999999,6554.0,0.14262023217247097,3618,516,/Users/katharsis/Developer/cv/mot/outputs/next_experiments/default/stages/gmc_ablation/yolo26_botsort_gmc_on/attempts/001/benchmark/runs/yolo26_botsort_gmc_on/uav0000305_00000_v/tracks.txt
gmc_ablation,yolo26_botsort_gmc_on,001,yolo26_botsort_gmc_on,uav0000339_00001_v,0.23605769230769236,0.45121951219512196,644,4104,19,44.08073792859019,58,22,47.93103448275862,3289.64415,2346.0,0.46343107516009435,2967,1375,/Users/katharsis/Developer/cv/mot/outputs/next_experiments/default/stages/gmc_ablation/yolo26_botsort_gmc_on/attempts/001/benchmark/runs/yolo26_botsort_gmc_on/uav0000339_00001_v/tracks.txt
m3_compact_tuning,m3_rtdetr_botsort_conf050,001,m3_rtdetr_botsort_conf050,uav0000086_00000_v,0.3180750385931942,0.4711712128930672,964,9169,27,3.9449135933909063,60,12,111.56666666666666,3049.44855,1690.0,,0,0,/Users/katharsis/Developer/cv/mot/outputs/next_experiments/default/stages/m3_compact_tuning/m3_rtdetr_botsort_conf050/attempts/001/benchmark/runs/m3_rtdetr_botsort_conf050/uav0000086_00000_v/tracks.txt
m3_compact_tuning,m3_rtdetr_botsort_conf050,001,m3_rtdetr_botsort_conf050,uav0000117_02622_v,0.1898291293734744,0.44128527639784376,2132,7790,35,4.027245070854612,152,55,43.63157894736842,4734.48575,4134.0,0.66335433834222,4126,2737,/Users/katharsis/Developer/cv/mot/outputs/next_experiments/default/stages/m3_compact_tuning/m3_rtdetr_botsort_conf050/attempts/001/benchmark/runs/m3_rtdetr_botsort_conf050/uav0000117_02622_v/tracks.txt
m3_compact_tuning,m3_rtdetr_botsort_conf050,001,m3_rtdetr_botsort_conf050,uav0000137_00458_v,0.31940960833494114,0.5595351043643264,1588,5456,11,3.9919135732127025,116,20,56.01724137931034,8648.377499999999,7828.0,0.5993306966839063,6574,3940,/Users/katharsis/Developer/cv/mot/outputs/next_experiments/default/stages/m3_compact_tuning/m3_rtdetr_botsort_conf050/attempts/001/benchmark/runs/m3_rtdetr_botsort_conf050/uav0000137_00458_v/tracks.txt
m3_compact_tuning,m3_rtdetr_botsort_conf050,001,m3_rtdetr_botsort_conf050,uav0000182_00000_v,-0.04810996563573888,0.4144585936882069,3128,3871,16,3.897973468815253,160,40,37.1875,987.73065,1080.0,0.4439124487004104,5848,2596,/Users/katharsis/Developer/cv/mot/outputs/next_experiments/default/stages/m3_compact_tuning/m3_rtdetr_botsort_conf050/attempts/001/benchmark/runs/m3_rtdetr_botsort_conf050/uav0000182_00000_v/tracks.txt
m3_compact_tuning,m3_rtdetr_botsort_conf050,001,m3_rtdetr_botsort_conf050,uav0000268_05773_v,0.038417371333124506,0.2858820938257103,1834,7371,6,4.139832189788872,36,8,112.27777777777777,12944.3193,2052.0,0.2541436464088398,8688,2208,/Users/katharsis/Developer/cv/mot/outputs/next_experiments/default/stages/m3_compact_tuning/m3_rtdetr_botsort_conf050/attempts/001/benchmark/runs/m3_rtdetr_botsort_conf050/uav0000268_05773_v/tracks.txt
m3_compact_tuning,m3_rtdetr_botsort_conf050,001,m3_rtdetr_botsort_conf050,uav0000305_00000_v,0.26070226070226066,0.4321447578499202,189,2868,17,3.981472728546189,66,26,22.40909090909091,7787.4168,6554.0,0.3562741846323936,3618,1289,/Users/katharsis/Developer/cv/mot/outputs/next_experiments/default/stages/m3_compact_tuning/m3_rtdetr_botsort_conf050/attempts/001/benchmark/runs/m3_rtdetr_botsort_conf050/uav0000305_00000_v/tracks.txt
m3_compact_tuning,m3_rtdetr_botsort_conf050,001,m3_rtdetr_botsort_conf050,uav0000339_00001_v,0.3240384615384615,0.633162450626103,1808,2389,21,3.9307768610090266,81,22,69.8641975308642,2621.0114000000003,2346.0,0.7748567576676778,2967,2299,/Users/katharsis/Developer/cv/mot/outputs/next_experiments/default/stages/m3_compact_tuning/m3_rtdetr_botsort_conf050/attempts/001/benchmark/runs/m3_rtdetr_botsort_conf050/uav0000339_00001_v/tracks.txt
m3_compact_tuning,m3_rtdetr_botsort_conf055,001,m3_rtdetr_botsort_conf055,uav0000086_00000_v,0.2853211624941271,0.40487567040468064,669,9957,22,3.9843252693912494,52,8,107.90384615384616,3258.5260000000003,1690.0,,0,0,/Users/katharsis/Developer/cv/mot/outputs/next_experiments/default/stages/m3_compact_tuning/m3_rtdetr_botsort_conf055/attempts/001/benchmark/runs/m3_rtdetr_botsort_conf055/uav0000086_00000_v/tracks.txt
m3_compact_tuning,m3_rtdetr_botsort_conf055,001,m3_rtdetr_botsort_conf055,uav0000117_02622_v,0.1888527257933279,0.39919082939986517,1579,8363,27,4.079597645413245,124,46,44.403225806451616,5143.802500000001,4134.0,0.6347552108579738,4126,2619,/Users/katharsis/Developer/cv/mot/outputs/next_experiments/default/stages/m3_compact_tuning/m3_rtdetr_botsort_conf055/attempts/001/benchmark/runs/m3_rtdetr_botsort_conf055/uav0000117_02622_v/tracks.txt
m3_compact_tuning,m3_rtdetr_botsort_conf055,001,m3_rtdetr_botsort_conf055,uav0000137_00458_v,0.3372564152035501,0.5544701372573265,1154,5712,4,4.073754797492064,90,13,64.53333333333333,9230.039149999999,7828.0,0.5835108001216915,6574,3836,/Users/katharsis/Developer/cv/mot/outputs/next_experiments/default/stages/m3_compact_tuning/m3_rtdetr_botsort_conf055/attempts/001/benchmark/runs/m3_rtdetr_botsort_conf055/uav0000137_00458_v/tracks.txt
m3_compact_tuning,m3_rtdetr_botsort_conf055,001,m3_rtdetr_botsort_conf055,uav0000182_00000_v,0.031525474376214,0.4046029515108925,2233,4235,14,3.965159261107131,126,35,37.23015873015873,1109.2992,1080.0,0.39278385772913815,5848,2297,/Users/katharsis/Developer/cv/mot/outputs/next_experiments/default/stages/m3_compact_tuning/m3_rtdetr_botsort_conf055/attempts/001/benchmark/runs/m3_rtdetr_botsort_conf055/uav0000182_00000_v/tracks.txt
m3_compact_tuning,m3_rtdetr_botsort_conf055,001,m3_rtdetr_botsort_conf055,uav0000268_05773_v,0.04280196262657898,0.2795293407753809,1632,7532,5,4.12810530173822,27,4,136.25925925925927,16959.2328,2052.0,0.2356123388581952,8688,2047,/Users/katharsis/Developer/cv/mot/outputs/next_experiments/default/stages/m3_compact_tuning/m3_rtdetr_botsort_conf055/attempts/001/benchmark/runs/m3_rtdetr_botsort_conf055/uav0000268_05773_v/tracks.txt
m3_compact_tuning,m3_rtdetr_botsort_conf055,001,m3_rtdetr_botsort_conf055,uav0000305_00000_v,0.22631072631072635,0.37980859448301746,106,3093,18,3.978631670543208,57,24,20.54385964912281,8658.8326,6554.0,0.2943615257048093,3618,1065,/Users/katharsis/Developer/cv/mot/outputs/next_experiments/default/stages/m3_compact_tuning/m3_rtdetr_botsort_conf055/attempts/001/benchmark/runs/m3_rtdetr_botsort_conf055/uav0000305_00000_v/tracks.txt
m3_compact_tuning,m3_rtdetr_botsort_conf055,001,m3_rtdetr_botsort_conf055,uav0000339_00001_v,0.34118589743589745,0.6258960969997345,1459,2640,12,3.9286251759337874,76,24,66.5657894736842,2729.0904000000005,2346.0,0.7408156386922817,2967,2198,/Users/katharsis/Developer/cv/mot/outputs/next_experiments/default/stages/m3_compact_tuning/m3_rtdetr_botsort_conf055/attempts/001/benchmark/runs/m3_rtdetr_botsort_conf055/uav0000339_00001_v/tracks.txt
m3_compact_tuning,m3_rtdetr_botsort_conf060,001,m3_rtdetr_botsort_conf060,uav0000086_00000_v,0.2213571380629572,0.3094304095402479,445,11124,32,3.9639747931413845,55,3,76.72727272727273,3525.9696999999996,1690.0,,0,0,/Users/katharsis/Developer/cv/mot/outputs/next_experiments/default/stages/m3_compact_tuning/m3_rtdetr_botsort_conf060/attempts/001/benchmark/runs/m3_rtdetr_botsort_conf060/uav0000086_00000_v/tracks.txt
m3_compact_tuning,m3_rtdetr_botsort_conf060,001,m3_rtdetr_botsort_conf060,uav0000117_02622_v,0.18559804719283968,0.3749704001894388,1149,8837,23,3.854273334389487,94,31,48.95744680851064,5439.7772,4134.0,0.6063984488608822,4126,2502,/Users/katharsis/Developer/cv/mot/outputs/next_experiments/default/stages/m3_compact_tuning/m3_rtdetr_botsort_conf060/attempts/001/benchmark/runs/m3_rtdetr_botsort_conf060/uav0000117_02622_v/tracks.txt
m3_compact_tuning,m3_rtdetr_botsort_conf060,001,m3_rtdetr_botsort_conf060,uav0000137_00458_v,0.35172679915107086,0.5456887114431065,755,5958,7,3.8618814029161714,76,10,67.9342105263158,10307.8794,7828.0,0.5632795862488591,6574,3703,/Users/katharsis/Developer/cv/mot/outputs/next_experiments/default/stages/m3_compact_tuning/m3_rtdetr_botsort_conf060/attempts/001/benchmark/runs/m3_rtdetr_botsort_conf060/uav0000137_00458_v/tracks.txt
m3_compact_tuning,m3_rtdetr_botsort_conf060,001,m3_rtdetr_botsort_conf060,uav0000182_00000_v,0.0817271776482893,0.38387345679012347,1558,4576,12,3.960484844428228,103,20,35.679611650485434,1409.9368,1080.0,0.34199726402188785,5848,2000,/Users/katharsis/Developer/cv/mot/outputs/next_experiments/default/stages/m3_compact_tuning/m3_rtdetr_botsort_conf060/attempts/001/benchmark/runs/m3_rtdetr_botsort_conf060/uav0000182_00000_v/tracks.txt
m3_compact_tuning,m3_rtdetr_botsort_conf060,001,m3_rtdetr_botsort_conf060,uav0000268_05773_v,0.04885687441277797,0.26848849776130923,1451,7655,5,4.102393089259375,26,3,129.80769230769232,20976.2334,2052.0,0.2214548802946593,8688,1924,/Users/katharsis/Developer/cv/mot/outputs/next_experiments/default/stages/m3_compact_tuning/m3_rtdetr_botsort_conf060/attempts/001/benchmark/runs/m3_rtdetr_botsort_conf060/uav0000268_05773_v/tracks.txt
m3_compact_tuning,m3_rtdetr_botsort_conf060,001,m3_rtdetr_botsort_conf060,uav0000305_00000_v,0.20466570466570466,0.34310110615175626,65,3228,14,3.969280398336787,49,20,20.306122448979593,9229.3153,6554.0,0.2570480928689884,3618,930,/Users/katharsis/Developer/cv/mot/outputs/next_experiments/default/stages/m3_compact_tuning/m3_rtdetr_botsort_conf060/attempts/001/benchmark/runs/m3_rtdetr_botsort_conf060/uav0000305_00000_v/tracks.txt
m3_compact_tuning,m3_rtdetr_botsort_conf060,001,m3_rtdetr_botsort_conf060,uav0000339_00001_v,0.34375,0.6051149478349183,1220,2869,6,3.967587267487434,58,12,79.15517241379311,2889.3014000000003,2346.0,0.7071115604988204,2967,2098,/Users/katharsis/Developer/cv/mot/outputs/next_experiments/default/stages/m3_compact_tuning/m3_rtdetr_botsort_conf060/attempts/001/benchmark/runs/m3_rtdetr_botsort_conf060/uav0000339_00001_v/tracks.txt
m3_compact_tuning,m3_rtdetr_botsort_conf065,001,m3_rtdetr_botsort_conf065,uav0000086_00000_v,0.14766091684005633,0.22492574822938086,189,12479,31,3.8931161613535243,50,10,52.18,4016.2198,1690.0,,0,0,/Users/katharsis/Developer/cv/mot/outputs/next_experiments/default/stages/m3_compact_tuning/m3_rtdetr_botsort_conf065/attempts/001/benchmark/runs/m3_rtdetr_botsort_conf065/uav0000086_00000_v/tracks.txt
m3_compact_tuning,m3_rtdetr_botsort_conf065,001,m3_rtdetr_botsort_conf065,uav0000117_02622_v,0.1766476810414972,0.3478747899682619,794,9305,20,3.8872214957189266,75,26,50.38666666666666,5656.0176,4134.0,0.5671352399418322,4126,2340,/Users/katharsis/Developer/cv/mot/outputs/next_experiments/default/stages/m3_compact_tuning/m3_rtdetr_botsort_conf065/attempts/001/benchmark/runs/m3_rtdetr_botsort_conf065/uav0000117_02622_v/tracks.txt
m3_compact_tuning,m3_rtdetr_botsort_conf065,001,m3_rtdetr_botsort_conf065,uav0000137_00458_v,0.34574570711942887,0.5243992235089363,491,6284,7,3.89874864423607,72,7,63.513888888888886,11827.917,7828.0,0.5304228780042592,6574,3487,/Users/katharsis/Developer/cv/mot/outputs/next_experiments/default/stages/m3_compact_tuning/m3_rtdetr_botsort_conf065/attempts/001/benchmark/runs/m3_rtdetr_botsort_conf065/uav0000137_00458_v/tracks.txt
m3_compact_tuning,m3_rtdetr_botsort_conf065,001,m3_rtdetr_botsort_conf065,uav0000182_00000_v,0.12161960256984905,0.3551024742486992,951,4920,8,3.647317689536941,88,25,30.954545454545453,1906.2193,1080.0,0.2918946648426813,5848,1707,/Users/katharsis/Developer/cv/mot/outputs/next_experiments/default/stages/m3_compact_tuning/m3_rtdetr_botsort_conf065/attempts/001/benchmark/runs/m3_rtdetr_botsort_conf065/uav0000182_00000_v/tracks.txt
m3_compact_tuning,m3_rtdetr_botsort_conf065,001,m3_rtdetr_botsort_conf065,uav0000268_05773_v,0.05010961478233633,0.2540109065043863,1294,7799,6,3.9682152579207335,27,3,113.85185185185185,25645.2244,2052.0,0.2048802946593002,8688,1780,/Users/katharsis/Developer/cv/mot/outputs/next_experiments/default/stages/m3_compact_tuning/m3_rtdetr_botsort_conf065/attempts/001/benchmark/runs/m3_rtdetr_botsort_conf065/uav0000268_05773_v/tracks.txt
m3_compact_tuning,m3_rtdetr_botsort_conf065,001,m3_rtdetr_botsort_conf065,uav0000305_00000_v,0.1736411736411736,0.2936444086886565,39,3383,14,3.907714113156836,42,17,19.38095238095238,9656.897700000001,6554.0,0.21420674405749032,3618,775,/Users/katharsis/Developer/cv/mot/outputs/next_experiments/default/stages/m3_compact_tuning/m3_rtdetr_botsort_conf065/attempts/001/benchmark/runs/m3_rtdetr_botsort_conf065/uav0000305_00000_v/tracks.txt
m3_compact_tuning,m3_rtdetr_botsort_conf065,001,m3_rtdetr_botsort_conf065,uav0000339_00001_v,0.33125000000000004,0.5793436293436294,1022,3142,9,3.8178224049327696,57,13,72.28070175438596,3087.4217,2346.0,0.6727334007414897,2967,1996,/Users/katharsis/Developer/cv/mot/outputs/next_experiments/default/stages/m3_compact_tuning/m3_rtdetr_botsort_conf065/attempts/001/benchmark/runs/m3_rtdetr_botsort_conf065/uav0000339_00001_v/tracks.txt
strict_sahi_botsort,sahi_yolo26_botsort_slice640_overlap020_conf040,001,sahi_yolo26_botsort_slice640_overlap020_conf040,uav0000086_00000_v,0.2455198335458756,0.4774336791333308,3754,7429,58,9.239057356787226,124,22,90.51612903225806,2435.2128000000002,1690.0,,0,0,/Users/katharsis/Developer/cv/mot/outputs/next_experiments/default/stages/strict_sahi_botsort/sahi_yolo26_botsort_slice640_overlap020_conf040/attempts/001/benchmark/runs/sahi_yolo26_botsort_slice640_overlap020_conf040/uav0000086_00000_v/tracks.txt
strict_sahi_botsort,sahi_yolo26_botsort_slice640_overlap020_conf040,001,sahi_yolo26_botsort_slice640_overlap020_conf040,uav0000117_02622_v,0.009926769731488982,0.4119988018314862,5437,6648,83,3.044719867018824,377,106,29.387267904509283,3311.671,4134.0,0.6131846825012118,4126,2530,/Users/katharsis/Developer/cv/mot/outputs/next_experiments/default/stages/strict_sahi_botsort/sahi_yolo26_botsort_slice640_overlap020_conf040/attempts/001/benchmark/runs/sahi_yolo26_botsort_slice640_overlap020_conf040/uav0000117_02622_v/tracks.txt
strict_sahi_botsort,sahi_yolo26_botsort_slice640_overlap020_conf040,001,sahi_yolo26_botsort_slice640_overlap020_conf040,uav0000137_00458_v,-0.12077947134863987,0.46500831753646177,8321,3204,93,3.400643025471001,379,66,40.852242744063325,5031.994,7828.0,0.7392759355034987,6574,4860,/Users/katharsis/Developer/cv/mot/outputs/next_experiments/default/stages/strict_sahi_botsort/sahi_yolo26_botsort_slice640_overlap020_conf040/attempts/001/benchmark/runs/sahi_yolo26_botsort_slice640_overlap020_conf040/uav0000137_00458_v/tracks.txt
strict_sahi_botsort,sahi_yolo26_botsort_slice640_overlap020_conf040,001,sahi_yolo26_botsort_slice640_overlap020_conf040,uav0000182_00000_v,0.03705363812938889,0.32977577597180063,1629,4802,14,9.144214330683898,136,42,25.88235294117647,1672.2397,1080.0,0.3060875512995896,5848,1790,/Users/katharsis/Developer/cv/mot/outputs/next_experiments/default/stages/strict_sahi_botsort/sahi_yolo26_botsort_slice640_overlap020_conf040/attempts/001/benchmark/runs/sahi_yolo26_botsort_slice640_overlap020_conf040/uav0000182_00000_v/tracks.txt
strict_sahi_botsort,sahi_yolo26_botsort_slice640_overlap020_conf040,001,sahi_yolo26_botsort_slice640_overlap020_conf040,uav0000268_05773_v,-0.025576782545150945,0.23266091667260674,2338,7467,19,1.8637427240705244,111,38,40.090090090090094,7152.8174,2052.0,0.24148250460405157,8688,2098,/Users/katharsis/Developer/cv/mot/outputs/next_experiments/default/stages/strict_sahi_botsort/sahi_yolo26_botsort_slice640_overlap020_conf040/attempts/001/benchmark/runs/sahi_yolo26_botsort_slice640_overlap020_conf040/uav0000268_05773_v/tracks.txt
strict_sahi_botsort,sahi_yolo26_botsort_slice640_overlap020_conf040,001,sahi_yolo26_botsort_slice640_overlap020_conf040,uav0000305_00000_v,0.08778258778258774,0.20980392156862746,278,3494,21,7.6023339229542115,70,24,13.457142857142857,8621.65825,6554.0,0.18352681039248203,3618,664,/Users/katharsis/Developer/cv/mot/outputs/next_experiments/default/stages/strict_sahi_botsort/sahi_yolo26_botsort_slice640_overlap020_conf040/attempts/001/benchmark/runs/sahi_yolo26_botsort_slice640_overlap020_conf040/uav0000305_00000_v/tracks.txt
strict_sahi_botsort,sahi_yolo26_botsort_slice640_overlap020_conf040,001,sahi_yolo26_botsort_slice640_overlap020_conf040,uav0000339_00001_v,0.26378205128205123,0.5066810151555914,1610,2939,45,7.57179430024538,104,22,47.22115384615385,2729.4344,2346.0,0.6316144253454669,2967,1874,/Users/katharsis/Developer/cv/mot/outputs/next_experiments/default/stages/strict_sahi_botsort/sahi_yolo26_botsort_slice640_overlap020_conf040/attempts/001/benchmark/runs/sahi_yolo26_botsort_slice640_overlap020_conf040/uav0000339_00001_v/tracks.txt
strict_sahi_botsort,sahi_yolo26_botsort_slice640_overlap020_conf050,001,sahi_yolo26_botsort_slice640_overlap020_conf050,uav0000086_00000_v,0.2547150815490973,0.4586924703203773,2926,8128,50,10.037134981808526,96,11,101.01041666666667,2594.1845,1690.0,,0,0,/Users/katharsis/Developer/cv/mot/outputs/next_experiments/default/stages/strict_sahi_botsort/sahi_yolo26_botsort_slice640_overlap020_conf050/attempts/001/benchmark/runs/sahi_yolo26_botsort_slice640_overlap020_conf050/uav0000086_00000_v/tracks.txt
strict_sahi_botsort,sahi_yolo26_botsort_slice640_overlap020_conf050,001,sahi_yolo26_botsort_slice640_overlap020_conf050,uav0000117_02622_v,0.11903986981285597,0.41786129407206507,3411,7343,73,3.320720543166788,264,68,31.65909090909091,3589.00785,4134.0,0.5603490063015026,4126,2312,/Users/katharsis/Developer/cv/mot/outputs/next_experiments/default/stages/strict_sahi_botsort/sahi_yolo26_botsort_slice640_overlap020_conf050/attempts/001/benchmark/runs/sahi_yolo26_botsort_slice640_overlap020_conf050/uav0000117_02622_v/tracks.txt
strict_sahi_botsort,sahi_yolo26_botsort_slice640_overlap020_conf050,001,sahi_yolo26_botsort_slice640_overlap020_conf050,uav0000137_00458_v,-0.04447231333204704,0.46153846153846156,7076,3667,84,3.8519272249607086,327,46,42.12538226299694,5526.8496000000005,7828.0,0.6863401277760877,6574,4512,/Users/katharsis/Developer/cv/mot/outputs/next_experiments/default/stages/strict_sahi_botsort/sahi_yolo26_botsort_slice640_overlap020_conf050/attempts/001/benchmark/runs/sahi_yolo26_botsort_slice640_overlap020_conf050/uav0000137_00458_v/tracks.txt
strict_sahi_botsort,sahi_yolo26_botsort_slice640_overlap020_conf050,001,sahi_yolo26_botsort_slice640_overlap020_conf050,uav0000182_00000_v,0.10070222620648439,0.31597765363128494,788,5224,7,9.707140519123381,89,30,25.359550561797754,2483.0652000000005,1080.0,0.2393980848153215,5848,1400,/Users/katharsis/Developer/cv/mot/outputs/next_experiments/default/stages/strict_sahi_botsort/sahi_yolo26_botsort_slice640_overlap020_conf050/attempts/001/benchmark/runs/sahi_yolo26_botsort_slice640_overlap020_conf050/uav0000182_00000_v/tracks.txt
strict_sahi_botsort,sahi_yolo26_botsort_slice640_overlap020_conf050,001,sahi_yolo26_botsort_slice640_overlap020_conf050,uav0000268_05773_v,-0.06639523958659566,0.16857296384432333,2033,8164,18,1.8050991135254884,89,34,38.741573033707866,12374.8648,2052.0,0.16217771639042358,8688,1409,/Users/katharsis/Developer/cv/mot/outputs/next_experiments/default/stages/strict_sahi_botsort/sahi_yolo26_botsort_slice640_overlap020_conf050/attempts/001/benchmark/runs/sahi_yolo26_botsort_slice640_overlap020_conf050/uav0000268_05773_v/tracks.txt
strict_sahi_botsort,sahi_yolo26_botsort_slice640_overlap020_conf050,001,sahi_yolo26_botsort_slice640_overlap020_conf050,uav0000305_00000_v,0.0757575757575758,0.17380509000620734,173,3656,14,6.874043257733611,49,20,13.775510204081632,9097.4818,6554.0,0.13875069098949697,3618,502,/Users/katharsis/Developer/cv/mot/outputs/next_experiments/default/stages/strict_sahi_botsort/sahi_yolo26_botsort_slice640_overlap020_conf050/attempts/001/benchmark/runs/sahi_yolo26_botsort_slice640_overlap020_conf050/uav0000305_00000_v/tracks.txt
strict_sahi_botsort,sahi_yolo26_botsort_slice640_overlap020_conf050,001,sahi_yolo26_botsort_slice640_overlap020_conf050,uav0000339_00001_v,0.23814102564102568,0.4665519877675841,1349,3365,40,6.929963605282881,87,22,48.55172413793103,2981.8859999999995,2346.0,0.5618469834850017,2967,1667,/Users/katharsis/Developer/cv/mot/outputs/next_experiments/default/stages/strict_sahi_botsort/sahi_yolo26_botsort_slice640_overlap020_conf050/attempts/001/benchmark/runs/sahi_yolo26_botsort_slice640_overlap020_conf050/uav0000339_00001_v/tracks.txt
strict_sahi_botsort,sahi_yolo26_botsort_slice768_overlap015_conf040,001,sahi_yolo26_botsort_slice768_overlap015_conf040,uav0000086_00000_v,0.2790791328277066,0.4817262520901346,3013,7693,35,19.559874649068647,90,18,113.54444444444445,2533.3882,1690.0,,0,0,/Users/katharsis/Developer/cv/mot/outputs/next_experiments/default/stages/strict_sahi_botsort/sahi_yolo26_botsort_slice768_overlap015_conf040/attempts/001/benchmark/runs/sahi_yolo26_botsort_slice768_overlap015_conf040/uav0000086_00000_v/tracks.txt
strict_sahi_botsort,sahi_yolo26_botsort_slice768_overlap015_conf040,001,sahi_yolo26_botsort_slice768_overlap015_conf040,uav0000117_02622_v,-0.040032546786004986,0.4029838375466225,6126,6576,80,3.7020750176079322,356,83,33.258426966292134,3256.9765999999995,4134.0,0.6226369365002423,4126,2569,/Users/katharsis/Developer/cv/mot/outputs/next_experiments/default/stages/strict_sahi_botsort/sahi_yolo26_botsort_slice768_overlap015_conf040/attempts/001/benchmark/runs/sahi_yolo26_botsort_slice768_overlap015_conf040/uav0000117_02622_v/tracks.txt
strict_sahi_botsort,sahi_yolo26_botsort_slice768_overlap015_conf040,001,sahi_yolo26_botsort_slice768_overlap015_conf040,uav0000137_00458_v,-0.06260852787960647,0.4997319034852547,8159,2781,75,3.649955295222555,332,54,47.42168674698795,4959.0398000000005,7828.0,0.7861271676300579,6574,5168,/Users/katharsis/Developer/cv/mot/outputs/next_experiments/default/stages/strict_sahi_botsort/sahi_yolo26_botsort_slice768_overlap015_conf040/attempts/001/benchmark/runs/sahi_yolo26_botsort_slice768_overlap015_conf040/uav0000137_00458_v/tracks.txt
strict_sahi_botsort,sahi_yolo26_botsort_slice768_overlap015_conf040,001,sahi_yolo26_botsort_slice768_overlap015_conf040,uav0000182_00000_v,0.07858957119378451,0.3206379183716294,1149,5004,14,20.67286002048672,108,35,26.27777777777778,1950.4290500000002,1080.0,0.2753077975376197,5848,1610,/Users/katharsis/Developer/cv/mot/outputs/next_experiments/default/stages/strict_sahi_botsort/sahi_yolo26_botsort_slice768_overlap015_conf040/attempts/001/benchmark/runs/sahi_yolo26_botsort_slice768_overlap015_conf040/uav0000182_00000_v/tracks.txt
strict_sahi_botsort,sahi_yolo26_botsort_slice768_overlap015_conf040,001,sahi_yolo26_botsort_slice768_overlap015_conf040,uav0000268_05773_v,0.03152729930055331,0.22799295774647887,1866,7392,19,2.0097679827317214,86,29,47.127906976744185,5742.5368,2052.0,0.2504604051565378,8688,2176,/Users/katharsis/Developer/cv/mot/outputs/next_experiments/default/stages/strict_sahi_botsort/sahi_yolo26_botsort_slice768_overlap015_conf040/attempts/001/benchmark/runs/sahi_yolo26_botsort_slice768_overlap015_conf040/uav0000268_05773_v/tracks.txt
strict_sahi_botsort,sahi_yolo26_botsort_slice768_overlap015_conf040,001,sahi_yolo26_botsort_slice768_overlap015_conf040,uav0000305_00000_v,0.13588263588263583,0.29357798165137616,298,3273,22,7.963258633292165,65,22,18.2,8198.2209,6554.0,0.24461028192371476,3618,885,/Users/katharsis/Developer/cv/mot/outputs/next_experiments/default/stages/strict_sahi_botsort/sahi_yolo26_botsort_slice768_overlap015_conf040/attempts/001/benchmark/runs/sahi_yolo26_botsort_slice768_overlap015_conf040/uav0000305_00000_v/tracks.txt
strict_sahi_botsort,sahi_yolo26_botsort_slice768_overlap015_conf040,001,sahi_yolo26_botsort_slice768_overlap015_conf040,uav0000339_00001_v,0.24038461538461542,0.5369986168741355,1896,2808,36,8.016056563268977,115,35,46.3304347826087,2519.8374,2346.0,0.6572295247724975,2967,1950,/Users/katharsis/Developer/cv/mot/outputs/next_experiments/default/stages/strict_sahi_botsort/sahi_yolo26_botsort_slice768_overlap015_conf040/attempts/001/benchmark/runs/sahi_yolo26_botsort_slice768_overlap015_conf040/uav0000339_00001_v/tracks.txt
strict_sahi_botsort,sahi_yolo26_botsort_slice768_overlap015_conf050,001,sahi_yolo26_botsort_slice768_overlap015_conf050,uav0000086_00000_v,0.2747835425196322,0.46676775334849635,2359,8415,31,21.368019696777196,76,12,116.35526315789474,2743.9359999999997,1690.0,,0,0,/Users/katharsis/Developer/cv/mot/outputs/next_experiments/default/stages/strict_sahi_botsort/sahi_yolo26_botsort_slice768_overlap015_conf050/attempts/001/benchmark/runs/sahi_yolo26_botsort_slice768_overlap015_conf050/uav0000086_00000_v/tracks.txt
strict_sahi_botsort,sahi_yolo26_botsort_slice768_overlap015_conf050,001,sahi_yolo26_botsort_slice768_overlap015_conf050,uav0000117_02622_v,0.061432058584214855,0.40686934323508933,4222,7257,56,4.004740216612633,259,61,35.73359073359073,3501.5665000000004,4134.0,0.5586524478914202,4126,2305,/Users/katharsis/Developer/cv/mot/outputs/next_experiments/default/stages/strict_sahi_botsort/sahi_yolo26_botsort_slice768_overlap015_conf050/attempts/001/benchmark/runs/sahi_yolo26_botsort_slice768_overlap015_conf050/uav0000117_02622_v/tracks.txt
strict_sahi_botsort,sahi_yolo26_botsort_slice768_overlap015_conf050,001,sahi_yolo26_botsort_slice768_overlap015_conf050,uav0000137_00458_v,0.008296353463245199,0.4987300286767718,6947,3269,64,3.9624103394990358,283,35,49.62544169611307,5545.628199999999,7828.0,0.7330392455126254,6574,4819,/Users/katharsis/Developer/cv/mot/outputs/next_experiments/default/stages/strict_sahi_botsort/sahi_yolo26_botsort_slice768_overlap015_conf050/attempts/001/benchmark/runs/sahi_yolo26_botsort_slice768_overlap015_conf050/uav0000137_00458_v/tracks.txt
strict_sahi_botsort,sahi_yolo26_botsort_slice768_overlap015_conf050,001,sahi_yolo26_botsort_slice768_overlap015_conf050,uav0000182_00000_v,0.10010458688181678,0.29069767441860467,615,5401,7,21.01223312508929,64,16,29.796875,2765.556,1080.0,0.2106703146374829,5848,1232,/Users/katharsis/Developer/cv/mot/outputs/next_experiments/default/stages/strict_sahi_botsort/sahi_yolo26_botsort_slice768_overlap015_conf050/attempts/001/benchmark/runs/sahi_yolo26_botsort_slice768_overlap015_conf050/uav0000182_00000_v/tracks.txt
strict_sahi_botsort,sahi_yolo26_botsort_slice768_overlap015_conf050,001,sahi_yolo26_botsort_slice768_overlap015_conf050,uav0000268_05773_v,-0.004906566447437033,0.15730337078651685,1634,7976,16,2.04208041466553,76,31,42.5921052631579,8477.8107,2052.0,0.1841620626151013,8688,1600,/Users/katharsis/Developer/cv/mot/outputs/next_experiments/default/stages/strict_sahi_botsort/sahi_yolo26_botsort_slice768_overlap015_conf050/attempts/001/benchmark/runs/sahi_yolo26_botsort_slice768_overlap015_conf050/uav0000268_05773_v/tracks.txt
strict_sahi_botsort,sahi_yolo26_botsort_slice768_overlap015_conf050,001,sahi_yolo26_botsort_slice768_overlap015_conf050,uav0000305_00000_v,0.11592111592111587,0.23907403711833966,177,3482,17,8.168658922978073,55,19,15.50909090909091,8882.0205,6554.0,0.18684355997788835,3618,676,/Users/katharsis/Developer/cv/mot/outputs/next_experiments/default/stages/strict_sahi_botsort/sahi_yolo26_botsort_slice768_overlap015_conf050/attempts/001/benchmark/runs/sahi_yolo26_botsort_slice768_overlap015_conf050/uav0000305_00000_v/tracks.txt
strict_sahi_botsort,sahi_yolo26_botsort_slice768_overlap015_conf050,001,sahi_yolo26_botsort_slice768_overlap015_conf050,uav0000339_00001_v,0.2551282051282051,0.5137529137529138,1431,3186,31,8.228964296198662,104,38,43.125,2859.7128,2346.0,0.5995955510616785,2967,1779,/Users/katharsis/Developer/cv/mot/outputs/next_experiments/default/stages/strict_sahi_botsort/sahi_yolo26_botsort_slice768_overlap015_conf050/attempts/001/benchmark/runs/sahi_yolo26_botsort_slice768_overlap015_conf050/uav0000339_00001_v/tracks.txt
upscaling_experiments,m2_yolo26_bytetrack_conf035,001,m2_yolo26_bytetrack_conf035,uav0000086_00000_v,0.24719779850996715,0.40220215811495263,2024,9117,75,50.209643058998026,129,40,60.51162790697674,3122.22015,1690.0,,0,0,/Users/katharsis/Developer/cv/mot/outputs/next_experiments/default/stages/upscaling_experiments/m2_yolo26_bytetrack_conf035/attempts/001/benchmark/runs/m2_yolo26_bytetrack_conf035/uav0000086_00000_v/tracks.txt
upscaling_experiments,m2_yolo26_bytetrack_conf035,001,m2_yolo26_bytetrack_conf035,uav0000117_02622_v,0.14157851912123676,0.26703200896749285,955,9477,118,49.6264956503119,210,78,17.942857142857143,6489.101049999999,4134.0,0.4258361609306835,4126,1757,/Users/katharsis/Developer/cv/mot/outputs/next_experiments/default/stages/upscaling_experiments/m2_yolo26_bytetrack_conf035/attempts/001/benchmark/runs/m2_yolo26_bytetrack_conf035/uav0000117_02622_v/tracks.txt
upscaling_experiments,m2_yolo26_bytetrack_conf035,001,m2_yolo26_bytetrack_conf035,uav0000137_00458_v,0.2954852402083735,0.46130339467215836,784,6463,56,46.81676005714662,165,49,28.406060606060606,12267.039999999999,7828.0,0.4957407970794037,6574,3259,/Users/katharsis/Developer/cv/mot/outputs/next_experiments/default/stages/upscaling_experiments/m2_yolo26_bytetrack_conf035/attempts/001/benchmark/runs/m2_yolo26_bytetrack_conf035/uav0000137_00458_v/tracks.txt
upscaling_experiments,m2_yolo26_bytetrack_conf035,001,m2_yolo26_bytetrack_conf035,uav0000182_00000_v,0.04512176901240106,0.2473737716028465,913,5446,32,53.38445299372255,127,56,17.007874015748033,2263.9353,1080.0,0.21203830369357046,5848,1240,/Users/katharsis/Developer/cv/mot/outputs/next_experiments/default/stages/upscaling_experiments/m2_yolo26_bytetrack_conf035/attempts/001/benchmark/runs/m2_yolo26_bytetrack_conf035/uav0000182_00000_v/tracks.txt
upscaling_experiments,m2_yolo26_bytetrack_conf035,001,m2_yolo26_bytetrack_conf035,uav0000268_05773_v,0.042279987472596314,0.19834133566128329,735,8438,1,47.843289658765265,18,3,104.22222222222223,58212.82935,2052.0,0.1313305709023941,8688,1141,/Users/katharsis/Developer/cv/mot/outputs/next_experiments/default/stages/upscaling_experiments/m2_yolo26_bytetrack_conf035/attempts/001/benchmark/runs/m2_yolo26_bytetrack_conf035/uav0000268_05773_v/tracks.txt
upscaling_experiments,m2_yolo26_bytetrack_conf035,001,m2_yolo26_bytetrack_conf035,uav0000305_00000_v,0.06661856661856658,0.12600178094390027,25,3849,7,49.41609053031813,19,5,17.57894736842105,9935.830600000001,6554.0,0.08540630182421227,3618,309,/Users/katharsis/Developer/cv/mot/outputs/next_experiments/default/stages/upscaling_experiments/m2_yolo26_bytetrack_conf035/attempts/001/benchmark/runs/m2_yolo26_bytetrack_conf035/uav0000305_00000_v/tracks.txt
upscaling_experiments,m2_yolo26_bytetrack_conf035,001,m2_yolo26_bytetrack_conf035,uav0000339_00001_v,0.22067307692307692,0.3404303510758777,585,4235,43,45.63708411984773,84,28,30.833333333333332,3450.6760999999997,2346.0,0.4432086282440175,2967,1315,/Users/katharsis/Developer/cv/mot/outputs/next_experiments/default/stages/upscaling_experiments/m2_yolo26_bytetrack_conf035/attempts/001/benchmark/runs/m2_yolo26_bytetrack_conf035/uav0000339_00001_v/tracks.txt
upscaling_experiments,rtdetr_upscale15_botsort,001,rtdetr_upscale15_botsort,uav0000086_00000_v,0.17021276595744683,0.28885091398684687,909,11396,58,1.6690998092401033,109,30,40.477064220183486,2535.45215,1690.0,,0,0,/Users/katharsis/Developer/cv/mot/outputs/next_experiments/default/stages/upscaling_experiments/rtdetr_upscale15_botsort/attempts/001/benchmark/runs/rtdetr_upscale15_botsort/uav0000086_00000_v/tracks.txt
upscaling_experiments,rtdetr_upscale15_botsort,001,rtdetr_upscale15_botsort,uav0000117_02622_v,0.09877949552481691,0.30178713996192347,1375,9672,29,1.6804028878674235,138,52,28.934782608695652,4307.902499999999,4134.0,0.44886088221037324,4126,1852,/Users/katharsis/Developer/cv/mot/outputs/next_experiments/default/stages/upscaling_experiments/rtdetr_upscale15_botsort/attempts/001/benchmark/runs/rtdetr_upscale15_botsort/uav0000117_02622_v/tracks.txt
upscaling_experiments,rtdetr_upscale15_botsort,001,rtdetr_upscale15_botsort,uav0000137_00458_v,0.27522670268184446,0.4803191489361702,897,6589,27,1.714766726367953,175,63,26.708571428571428,8465.127649999999,7828.0,0.43763310009126866,6574,2877,/Users/katharsis/Developer/cv/mot/outputs/next_experiments/default/stages/upscaling_experiments/rtdetr_upscale15_botsort/attempts/001/benchmark/runs/rtdetr_upscale15_botsort/uav0000137_00458_v/tracks.txt
upscaling_experiments,rtdetr_upscale15_botsort,001,rtdetr_upscale15_botsort,uav0000182_00000_v,-0.013148065142686294,0.293676955349116,1691,5066,24,1.6706867634654496,166,54,19.987951807228917,965.00655,1080.0,0.24401504787961698,5848,1427,/Users/katharsis/Developer/cv/mot/outputs/next_experiments/default/stages/upscaling_experiments/rtdetr_upscale15_botsort/attempts/001/benchmark/runs/rtdetr_upscale15_botsort/uav0000182_00000_v/tracks.txt
upscaling_experiments,rtdetr_upscale15_botsort,001,rtdetr_upscale15_botsort,uav0000268_05773_v,0.1777847374464976,0.39583485036044563,1216,6641,19,1.7226391913235966,45,13,92.31111111111112,2588.2554500000006,2052.0,0.3370165745856354,8688,2928,/Users/katharsis/Developer/cv/mot/outputs/next_experiments/default/stages/upscaling_experiments/rtdetr_upscale15_botsort/attempts/001/benchmark/runs/rtdetr_upscale15_botsort/uav0000268_05773_v/tracks.txt
upscaling_experiments,rtdetr_upscale15_botsort,001,rtdetr_upscale15_botsort,uav0000305_00000_v,0.20394420394420398,0.36696209692626813,141,3154,15,1.7019381738071462,59,29,19.406779661016948,6413.784,6554.0,0.27750138197899393,3618,1004,/Users/katharsis/Developer/cv/mot/outputs/next_experiments/default/stages/upscaling_experiments/rtdetr_upscale15_botsort/attempts/001/benchmark/runs/rtdetr_upscale15_botsort/uav0000305_00000_v/tracks.txt
upscaling_experiments,rtdetr_upscale15_botsort,001,rtdetr_upscale15_botsort,uav0000339_00001_v,0.2189102564102564,0.4797537751274406,1385,3468,21,1.745151509550266,92,27,45.18478260869565,2376.3889,2346.0,0.5048870913380519,2967,1498,/Users/katharsis/Developer/cv/mot/outputs/next_experiments/default/stages/upscaling_experiments/rtdetr_upscale15_botsort/attempts/001/benchmark/runs/rtdetr_upscale15_botsort/uav0000339_00001_v/tracks.txt
upscaling_experiments,yolo26_upscale15_botsort,001,yolo26_upscale15_botsort,uav0000086_00000_v,0.26894422444459365,0.48919684100730143,3936,6890,66,18.263366312321796,148,38,80.70945945945945,2381.3504999999996,1690.0,,0,0,/Users/katharsis/Developer/cv/mot/outputs/next_experiments/default/stages/upscaling_experiments/yolo26_upscale15_botsort/attempts/001/benchmark/runs/yolo26_upscale15_botsort/uav0000086_00000_v/tracks.txt
upscaling_experiments,yolo26_upscale15_botsort,001,yolo26_upscale15_botsort,uav0000117_02622_v,0.09479251423921886,0.39002041730989495,3280,7779,66,20.75032136173703,230,87,33.87391304347826,4575.6558,4134.0,0.5671352399418322,4126,2340,/Users/katharsis/Developer/cv/mot/outputs/next_experiments/default/stages/upscaling_experiments/yolo26_upscale15_botsort/attempts/001/benchmark/runs/yolo26_upscale15_botsort/uav0000117_02622_v/tracks.txt
upscaling_experiments,yolo26_upscale15_botsort,001,yolo26_upscale15_botsort,uav0000137_00458_v,0.2533281883079298,0.5637590861889927,3118,4590,32,19.27627840159303,224,73,39.705357142857146,6959.81265,7828.0,0.6238211134773349,6574,4101,/Users/katharsis/Developer/cv/mot/outputs/next_experiments/default/stages/upscaling_experiments/yolo26_upscale15_botsort/attempts/001/benchmark/runs/yolo26_upscale15_botsort/uav0000137_00458_v/tracks.txt
upscaling_experiments,yolo26_upscale15_botsort,001,yolo26_upscale15_botsort,uav0000182_00000_v,0.05572986702525029,0.38415008328219513,2158,4137,25,21.056219106104212,185,70,25.481081081081083,1292.1204,1080.0,0.4131326949384405,5848,2416,/Users/katharsis/Developer/cv/mot/outputs/next_experiments/default/stages/upscaling_experiments/yolo26_upscale15_botsort/attempts/001/benchmark/runs/yolo26_upscale15_botsort/uav0000182_00000_v/tracks.txt
upscaling_experiments,yolo26_upscale15_botsort,001,yolo26_upscale15_botsort,uav0000268_05773_v,0.03465915022444932,0.1775187906426822,962,8279,6,20.59157991801808,24,6,94.25,47934.97255,2052.0,0.1496316758747698,8688,1300,/Users/katharsis/Developer/cv/mot/outputs/next_experiments/default/stages/upscaling_experiments/yolo26_upscale15_botsort/attempts/001/benchmark/runs/yolo26_upscale15_botsort/uav0000268_05773_v/tracks.txt
upscaling_experiments,yolo26_upscale15_botsort,001,yolo26_upscale15_botsort,uav0000305_00000_v,0.1354016354016354,0.24338624338624337,179,3392,24,17.200161648526546,72,17,13.125,9213.862799999999,6554.0,0.2117191818684356,3618,766,/Users/katharsis/Developer/cv/mot/outputs/next_experiments/default/stages/upscaling_experiments/yolo26_upscale15_botsort/attempts/001/benchmark/runs/yolo26_upscale15_botsort/uav0000305_00000_v/tracks.txt
upscaling_experiments,yolo26_upscale15_botsort,001,yolo26_upscale15_botsort,uav0000339_00001_v,0.2503205128205128,0.5141437308868502,1319,3335,24,16.88734373158459,91,39,46.417582417582416,2705.4587,2346.0,0.5251095382541288,2967,1558,/Users/katharsis/Developer/cv/mot/outputs/next_experiments/default/stages/upscaling_experiments/yolo26_upscale15_botsort/attempts/001/benchmark/runs/yolo26_upscale15_botsort/uav0000339_00001_v/tracks.txt
upscaling_experiments,yolo26_upscale15_bytetrack,001,yolo26_upscale15_bytetrack,uav0000086_00000_v,0.26310490636955497,0.49208955223880596,3953,6951,75,21.991309445889623,147,40,80.95918367346938,2406.2400000000002,1690.0,,0,0,/Users/katharsis/Developer/cv/mot/outputs/next_experiments/default/stages/upscaling_experiments/yolo26_upscale15_bytetrack/attempts/001/benchmark/runs/yolo26_upscale15_bytetrack/uav0000086_00000_v/tracks.txt
upscaling_experiments,yolo26_upscale15_bytetrack,001,yolo26_upscale15_bytetrack,uav0000117_02622_v,0.08584214808787627,0.30920510708401977,2934,8090,211,26.437582874560313,392,123,18.198979591836736,4816.7717,4134.0,0.5525933107125546,4126,2280,/Users/katharsis/Developer/cv/mot/outputs/next_experiments/default/stages/upscaling_experiments/yolo26_upscale15_bytetrack/attempts/001/benchmark/runs/yolo26_upscale15_bytetrack/uav0000117_02622_v/tracks.txt
upscaling_experiments,yolo26_upscale15_bytetrack,001,yolo26_upscale15_bytetrack,uav0000137_00458_v,0.250723519197376,0.5055051813471503,2735,4939,93,24.19946612590213,286,82,28.53846153846154,7278.6167000000005,7828.0,0.599178582293885,6574,3939,/Users/katharsis/Developer/cv/mot/outputs/next_experiments/default/stages/upscaling_experiments/yolo26_upscale15_bytetrack/attempts/001/benchmark/runs/yolo26_upscale15_bytetrack/uav0000137_00458_v/tracks.txt
upscaling_experiments,yolo26_upscale15_bytetrack,001,yolo26_upscale15_bytetrack,uav0000182_00000_v,0.05468399820708203,0.3399216686401312,1931,4338,58,23.308642788523382,215,74,19.934883720930234,1341.7892,1080.0,0.38406292749658005,5848,2246,/Users/katharsis/Developer/cv/mot/outputs/next_experiments/default/stages/upscaling_experiments/yolo26_upscale15_bytetrack/attempts/001/benchmark/runs/yolo26_upscale15_bytetrack/uav0000182_00000_v/tracks.txt
upscaling_experiments,yolo26_upscale15_bytetrack,001,yolo26_upscale15_bytetrack,uav0000268_05773_v,0.03257124960851865,0.18614864864864866,972,8290,5,27.667315318235904,23,6,98.30434782608695,40794.2766,2052.0,0.14836556169429096,8688,1289,/Users/katharsis/Developer/cv/mot/outputs/next_experiments/default/stages/upscaling_experiments/yolo26_upscale15_bytetrack/attempts/001/benchmark/runs/yolo26_upscale15_bytetrack/uav0000268_05773_v/tracks.txt
upscaling_experiments,yolo26_upscale15_bytetrack,001,yolo26_upscale15_bytetrack,uav0000305_00000_v,0.10028860028860032,0.1999581677473332,97,3632,12,22.99095056448051,31,8,20.096774193548388,8951.2803,6554.0,0.14538419016030957,3618,526,/Users/katharsis/Developer/cv/mot/outputs/next_experiments/default/stages/upscaling_experiments/yolo26_upscale15_bytetrack/attempts/001/benchmark/runs/yolo26_upscale15_bytetrack/uav0000305_00000_v/tracks.txt
upscaling_experiments,yolo26_upscale15_bytetrack,001,yolo26_upscale15_bytetrack,uav0000339_00001_v,0.23076923076923073,0.40917142294823855,1211,3529,60,20.980697776766064,125,40,31.376,2856.0539,2346.0,0.4947758678800135,2967,1468,/Users/katharsis/Developer/cv/mot/outputs/next_experiments/default/stages/upscaling_experiments/yolo26_upscale15_bytetrack/attempts/001/benchmark/runs/yolo26_upscale15_bytetrack/uav0000339_00001_v/tracks.txt
upscaling_experiments,yolo26_upscale20_botsort,001,yolo26_upscale20_botsort,uav0000086_00000_v,0.21108799248271692,0.5168165168165169,5955,5723,76,13.451308594202978,157,38,96.37579617834395,2019.8761000000002,1690.0,,0,0,/Users/katharsis/Developer/cv/mot/outputs/next_experiments/default/stages/upscaling_experiments/yolo26_upscale20_botsort/attempts/001/benchmark/runs/yolo26_upscale20_botsort/uav0000086_00000_v/tracks.txt
upscaling_experiments,yolo26_upscale20_botsort,001,yolo26_upscale20_botsort,uav0000117_02622_v,0.028315703824247307,0.43729464476210794,5356,6501,85,14.709269235158953,350,118,31.84285714285714,3618.0924999999997,4134.0,0.6492971400872516,4126,2679,/Users/katharsis/Developer/cv/mot/outputs/next_experiments/default/stages/upscaling_experiments/yolo26_upscale20_botsort/attempts/001/benchmark/runs/yolo26_upscale20_botsort/uav0000117_02622_v/tracks.txt
upscaling_experiments,yolo26_upscale20_botsort,001,yolo26_upscale20_botsort,uav0000137_00458_v,0.1286899479066178,0.5785918420368927,5675,3313,44,13.546205362964432,274,72,46.45255474452555,5450.8015,7828.0,0.7525098874353514,6574,4947,/Users/katharsis/Developer/cv/mot/outputs/next_experiments/default/stages/upscaling_experiments/yolo26_upscale20_botsort/attempts/001/benchmark/runs/yolo26_upscale20_botsort/uav0000137_00458_v/tracks.txt
upscaling_experiments,yolo26_upscale20_botsort,001,yolo26_upscale20_botsort,uav0000182_00000_v,-0.0569251456745854,0.4397843904600162,3601,3444,29,13.605234424004136,218,82,31.422018348623855,987.7388000000001,1080.0,0.5176128590971272,5848,3027,/Users/katharsis/Developer/cv/mot/outputs/next_experiments/default/stages/upscaling_experiments/yolo26_upscale20_botsort/attempts/001/benchmark/runs/yolo26_upscale20_botsort/uav0000182_00000_v/tracks.txt
upscaling_experiments,yolo26_upscale20_botsort,001,yolo26_upscale20_botsort,uav0000268_05773_v,0.04321954274976514,0.16121161127471603,941,8214,10,15.187252850095529,30,8,76.86666666666666,14020.86795,2052.0,0.15711325966850828,8688,1365,/Users/katharsis/Developer/cv/mot/outputs/next_experiments/default/stages/upscaling_experiments/yolo26_upscale20_botsort/attempts/001/benchmark/runs/yolo26_upscale20_botsort/uav0000268_05773_v/tracks.txt
upscaling_experiments,yolo26_upscale20_botsort,001,yolo26_upscale20_botsort,uav0000305_00000_v,0.1515151515151515,0.2938852304797742,251,3252,25,12.838980141469671,77,25,15.025974025974026,9006.018,6554.0,0.2504145936981758,3618,906,/Users/katharsis/Developer/cv/mot/outputs/next_experiments/default/stages/upscaling_experiments/yolo26_upscale20_botsort/attempts/001/benchmark/runs/yolo26_upscale20_botsort/uav0000305_00000_v/tracks.txt
upscaling_experiments,yolo26_upscale20_botsort,001,yolo26_upscale20_botsort,uav0000339_00001_v,0.2503205128205128,0.554366292898403,1972,2680,26,12.131216864435107,100,25,55.32,2387.87205,2346.0,0.6649814627569935,2967,1973,/Users/katharsis/Developer/cv/mot/outputs/next_experiments/default/stages/upscaling_experiments/yolo26_upscale20_botsort/attempts/001/benchmark/runs/yolo26_upscale20_botsort/uav0000339_00001_v/tracks.txt
upscaling_experiments,yolo26_upscale20_bytetrack,001,yolo26_upscale20_bytetrack,uav0000086_00000_v,0.2048459628162964,0.5041859844568226,5974,5791,82,12.604991981433365,173,42,87.17919075144509,2055.2646,1690.0,,0,0,/Users/katharsis/Developer/cv/mot/outputs/next_experiments/default/stages/upscaling_experiments/yolo26_upscale20_bytetrack/attempts/001/benchmark/runs/yolo26_upscale20_bytetrack/uav0000086_00000_v/tracks.txt
upscaling_experiments,yolo26_upscale20_bytetrack,001,yolo26_upscale20_bytetrack,uav0000117_02622_v,0.03075671277461356,0.3301827909050379,4747,6897,268,15.013053318688334,616,205,16.461038961038962,3734.4114499999996,4134.0,0.6337857489093554,4126,2615,/Users/katharsis/Developer/cv/mot/outputs/next_experiments/default/stages/upscaling_experiments/yolo26_upscale20_bytetrack/attempts/001/benchmark/runs/yolo26_upscale20_bytetrack/uav0000117_02622_v/tracks.txt
upscaling_experiments,yolo26_upscale20_bytetrack,001,yolo26_upscale20_bytetrack,uav0000137_00458_v,0.13978390893305037,0.5051147988179132,5017,3754,146,15.144573071560457,385,107,30.205194805194804,5795.969,7828.0,0.7213264374809857,6574,4742,/Users/katharsis/Developer/cv/mot/outputs/next_experiments/default/stages/upscaling_experiments/yolo26_upscale20_bytetrack/attempts/001/benchmark/runs/yolo26_upscale20_bytetrack/uav0000137_00458_v/tracks.txt
upscaling_experiments,yolo26_upscale20_bytetrack,001,yolo26_upscale20_bytetrack,uav0000182_00000_v,-0.057074555505752356,0.3670285976448998,3347,3655,73,13.087432495461856,262,97,24.370229007633586,1008.889,1080.0,0.48683310533515733,5848,2847,/Users/katharsis/Developer/cv/mot/outputs/next_experiments/default/stages/upscaling_experiments/yolo26_upscale20_bytetrack/attempts/001/benchmark/runs/yolo26_upscale20_bytetrack/uav0000182_00000_v/tracks.txt
upscaling_experiments,yolo26_upscale20_bytetrack,001,yolo26_upscale20_bytetrack,uav0000268_05773_v,0.0406096669798518,0.1691492047462762,951,8226,13,18.908452617202364,30,8,76.8,14250.289999999999,2052.0,0.15573204419889503,8688,1353,/Users/katharsis/Developer/cv/mot/outputs/next_experiments/default/stages/upscaling_experiments/yolo26_upscale20_bytetrack/attempts/001/benchmark/runs/yolo26_upscale20_bytetrack/uav0000268_05773_v/tracks.txt
upscaling_experiments,yolo26_upscale20_bytetrack,001,yolo26_upscale20_bytetrack,uav0000305_00000_v,0.12409812409812415,0.26053946053946053,160,3471,11,14.731128814507336,31,9,27.322580645161292,8784.6016,6554.0,0.18988391376451078,3618,687,/Users/katharsis/Developer/cv/mot/outputs/next_experiments/default/stages/upscaling_experiments/yolo26_upscale20_bytetrack/attempts/001/benchmark/runs/yolo26_upscale20_bytetrack/uav0000305_00000_v/tracks.txt
upscaling_experiments,yolo26_upscale20_bytetrack,001,yolo26_upscale20_bytetrack,uav0000339_00001_v,0.2288461538461538,0.43374558303886923,1784,2944,84,14.66885274966193,177,57,28.70056497175141,2550.7054499999995,2346.0,0.6309403437815976,2967,1872,/Users/katharsis/Developer/cv/mot/outputs/next_experiments/default/stages/upscaling_experiments/yolo26_upscale20_bytetrack/attempts/001/benchmark/runs/yolo26_upscale20_bytetrack/uav0000339_00001_v/tracks.txt
